timestamp,cmdb_id,kpi_name,value
1742474065,kashef-k8s-w1.memcached-rate-bcc5c97f8-lvjgp,container_memory_working_set_bytes,0.0
1742474065,kashef-k8s-w1.memcached-profile-7d6fcb6b8-xh5nc,container_memory_working_set_bytes,0.0
1742474065,kashef-k8s-w1.consul-56f5cf4f78-7zbfs,container_memory_working_set_bytes,0.0
1742474065,kashef-k8s-w1.rate-66d9d98f67-d2d9r,container_memory_working_set_bytes,0.0
1742474065,kashef-k8s-w1.mongodb-geo-86b59b75f4-w4h2w,container_memory_working_set_bytes,0.0
1742474065,kashef-k8s-w1.frontend-7d9d864798-cld7h,container_memory_working_set_bytes,0.0
1742474071,kashef-k8s-w1.consul-56f5cf4f78-7zbfs,container_memory_working_set_bytes,0.0
1742474071,kashef-k8s-w1.search-8677798cf5-87cl4,container_memory_working_set_bytes,0.0
1742474071,kashef-k8s-w1.reservation-7799998946-nztpr,container_memory_working_set_bytes,0.0
1742474071,kashef-k8s-w1.rate-66d9d98f67-d2d9r,container_memory_working_set_bytes,0.0
1742474071,kashef-k8s-w1.user-698454f8c4-kd5hp,container_memory_working_set_bytes,0.0
1742474071,kashef-k8s-w1.memcached-reserve-bdcb467b4-pcdn4,container_memory_working_set_bytes,0.0
1742474071,kashef-k8s-w1.memcached-profile-7d6fcb6b8-xh5nc,container_memory_working_set_bytes,0.0
1742474071,kashef-k8s-w1.mongodb-user-6d96648ddc-btjmd,container_memory_working_set_bytes,0.0
1742474071,kashef-k8s-w1.mongodb-geo-86b59b75f4-w4h2w,container_memory_working_set_bytes,0.0
1742474071,kashef-k8s-w1.memcached-rate-bcc5c97f8-lvjgp,container_memory_working_set_bytes,0.0
1742474071,kashef-k8s-w1.frontend-7d9d864798-cld7h,container_memory_working_set_bytes,0.0
1742474077,kashef-k8s-w1.user-698454f8c4-kd5hp,container_memory_working_set_bytes,0.0
1742474077,kashef-k8s-w1.rate-66d9d98f67-d2d9r,container_memory_working_set_bytes,0.0
1742474077,kashef-k8s-w1.reservation-7799998946-nztpr,container_memory_working_set_bytes,0.0
1742474077,kashef-k8s-w1.memcached-reserve-bdcb467b4-pcdn4,container_memory_working_set_bytes,0.0
1742474077,kashef-k8s-w1.mongodb-user-6d96648ddc-btjmd,container_memory_working_set_bytes,0.0
1742474077,kashef-k8s-w1.consul-56f5cf4f78-7zbfs,container_memory_working_set_bytes,0.0
1742474077,kashef-k8s-w1.memcached-rate-bcc5c97f8-lvjgp,container_memory_working_set_bytes,0.0
1742474077,kashef-k8s-w1.memcached-profile-7d6fcb6b8-xh5nc,container_memory_working_set_bytes,0.0
1742474077,kashef-k8s-w1.search-8677798cf5-87cl4,container_memory_working_set_bytes,0.0
1742474077,kashef-k8s-w1.mongodb-geo-86b59b75f4-w4h2w,container_memory_working_set_bytes,0.0
1742474077,kashef-k8s-w1.frontend-7d9d864798-cld7h,container_memory_working_set_bytes,0.0
1742474083,kashef-k8s-ctl.jaeger-5d885bcf88-xm7gb,container_memory_working_set_bytes,10051584.0
1742474083,kashef-k8s-ctl.mongodb-reservation-7b474745f-w2qhw,container_memory_working_set_bytes,160075776.0
1742474083,kashef-k8s-w1.consul-56f5cf4f78-7zbfs,container_memory_working_set_bytes,0.0
1742474083,kashef-k8s-w1.reservation-7799998946-nztpr,container_memory_working_set_bytes,0.0
1742474083,kashef-k8s-w1.memcached-reserve-bdcb467b4-pcdn4,container_memory_working_set_bytes,0.0
1742474083,kashef-k8s-w1.user-698454f8c4-kd5hp,container_memory_working_set_bytes,0.0
1742474083,kashef-k8s-w1.rate-66d9d98f67-d2d9r,container_memory_working_set_bytes,0.0
1742474083,kashef-k8s-w1.frontend-7d9d864798-cld7h,container_memory_working_set_bytes,0.0
1742474083,kashef-k8s-ctl.geo-bd9dfdb45-l49z4,container_memory_working_set_bytes,4915200.0
1742474083,kashef-k8s-w1.memcached-rate-bcc5c97f8-lvjgp,container_memory_working_set_bytes,0.0
1742474083,kashef-k8s-w1.mongodb-user-6d96648ddc-btjmd,container_memory_working_set_bytes,0.0
1742474083,kashef-k8s-w1.mongodb-geo-86b59b75f4-w4h2w,container_memory_working_set_bytes,0.0
1742474083,kashef-k8s-ctl.mongodb-rate-785b799bbc-4hsgj,container_memory_working_set_bytes,160292864.0
1742474083,kashef-k8s-w1.search-8677798cf5-87cl4,container_memory_working_set_bytes,0.0
1742474083,kashef-k8s-w1.memcached-profile-7d6fcb6b8-xh5nc,container_memory_working_set_bytes,0.0
1742474089,kashef-k8s-w1.search-8677798cf5-87cl4,container_memory_working_set_bytes,0.0
1742474089,kashef-k8s-w1.memcached-profile-7d6fcb6b8-xh5nc,container_memory_working_set_bytes,0.0
1742474089,kashef-k8s-ctl.mongodb-rate-785b799bbc-4hsgj,container_memory_working_set_bytes,160292864.0
1742474089,kashef-k8s-ctl.mongodb-reservation-7b474745f-w2qhw,container_memory_working_set_bytes,160075776.0
1742474089,kashef-k8s-w1.memcached-reserve-bdcb467b4-pcdn4,container_memory_working_set_bytes,0.0
1742474089,kashef-k8s-ctl.mongodb-recommendation-59d6b7ccf9-gjdlj,container_memory_working_set_bytes,160587776.0
1742474089,kashef-k8s-w1.reservation-7799998946-nztpr,container_memory_working_set_bytes,0.0
1742474089,kashef-k8s-ctl.jaeger-5d885bcf88-xm7gb,container_memory_working_set_bytes,10051584.0
1742474089,kashef-k8s-ctl.geo-bd9dfdb45-l49z4,container_memory_working_set_bytes,4915200.0
1742474089,kashef-k8s-ctl.recommendation-6494d54897-2wdw9,container_memory_working_set_bytes,4612096.0
1742474089,kashef-k8s-ctl.profile-6c9f4cc75f-lz8fb,container_memory_working_set_bytes,5914624.0
1742474089,kashef-k8s-w1.mongodb-user-6d96648ddc-btjmd,container_memory_working_set_bytes,0.0
1742474089,kashef-k8s-w1.rate-66d9d98f67-d2d9r,container_memory_working_set_bytes,0.0
1742474089,kashef-k8s-w1.mongodb-geo-86b59b75f4-w4h2w,container_memory_working_set_bytes,0.0
1742474089,kashef-k8s-w1.user-698454f8c4-kd5hp,container_memory_working_set_bytes,0.0
1742474089,kashef-k8s-w1.frontend-7d9d864798-cld7h,container_memory_working_set_bytes,0.0
1742474089,kashef-k8s-w1.consul-56f5cf4f78-7zbfs,container_memory_working_set_bytes,0.0
1742474089,kashef-k8s-ctl.mongodb-profile-6bb85f4df7-gglx2,container_memory_working_set_bytes,160133120.0
1742474089,kashef-k8s-w1.memcached-rate-bcc5c97f8-lvjgp,container_memory_working_set_bytes,0.0
1742474095,kashef-k8s-ctl.mongodb-recommendation-59d6b7ccf9-gjdlj,container_memory_working_set_bytes,160587776.0
1742474095,kashef-k8s-ctl.mongodb-rate-785b799bbc-4hsgj,container_memory_working_set_bytes,160292864.0
1742474095,kashef-k8s-w1.mongodb-geo-86b59b75f4-w4h2w,container_memory_working_set_bytes,157483008.0
1742474095,kashef-k8s-w1.reservation-7799998946-nztpr,container_memory_working_set_bytes,0.0
1742474095,kashef-k8s-w1.memcached-reserve-bdcb467b4-pcdn4,container_memory_working_set_bytes,0.0
1742474095,kashef-k8s-ctl.geo-bd9dfdb45-l49z4,container_memory_working_set_bytes,4915200.0
1742474095,kashef-k8s-ctl.jaeger-5d885bcf88-xm7gb,container_memory_working_set_bytes,10051584.0
1742474095,kashef-k8s-w1.frontend-7d9d864798-cld7h,container_memory_working_set_bytes,0.0
1742474095,kashef-k8s-w1.user-698454f8c4-kd5hp,container_memory_working_set_bytes,0.0
1742474095,kashef-k8s-w1.rate-66d9d98f67-d2d9r,container_memory_working_set_bytes,7110656.0
1742474095,kashef-k8s-w1.search-8677798cf5-87cl4,container_memory_working_set_bytes,6492160.0
1742474095,kashef-k8s-w1.memcached-profile-7d6fcb6b8-xh5nc,container_memory_working_set_bytes,5120000.0
1742474095,kashef-k8s-ctl.mongodb-reservation-7b474745f-w2qhw,container_memory_working_set_bytes,160075776.0
1742474095,kashef-k8s-w1.mongodb-user-6d96648ddc-btjmd,container_memory_working_set_bytes,0.0
1742474095,kashef-k8s-ctl.profile-6c9f4cc75f-lz8fb,container_memory_working_set_bytes,5914624.0
1742474095,kashef-k8s-ctl.recommendation-6494d54897-2wdw9,container_memory_working_set_bytes,4612096.0
1742474095,kashef-k8s-w1.memcached-rate-bcc5c97f8-lvjgp,container_memory_working_set_bytes,5111808.0
1742474095,kashef-k8s-w1.consul-56f5cf4f78-7zbfs,container_memory_working_set_bytes,0.0
1742474095,kashef-k8s-ctl.mongodb-profile-6bb85f4df7-gglx2,container_memory_working_set_bytes,160133120.0
1742474101,kashef-k8s-ctl.geo-bd9dfdb45-l49z4,container_memory_working_set_bytes,4915200.0
1742474101,kashef-k8s-w1.memcached-profile-7d6fcb6b8-xh5nc,container_memory_working_set_bytes,5120000.0
1742474101,kashef-k8s-w1.memcached-reserve-bdcb467b4-pcdn4,container_memory_working_set_bytes,2764800.0
1742474101,kashef-k8s-w1.user-698454f8c4-kd5hp,container_memory_working_set_bytes,6553600.0
1742474101,kashef-k8s-ctl.profile-6c9f4cc75f-lz8fb,container_memory_working_set_bytes,5914624.0
1742474101,kashef-k8s-ctl.mongodb-profile-6bb85f4df7-gglx2,container_memory_working_set_bytes,160133120.0
1742474101,kashef-k8s-w1.consul-56f5cf4f78-7zbfs,container_memory_working_set_bytes,0.0
1742474101,kashef-k8s-w1.reservation-7799998946-nztpr,container_memory_working_set_bytes,5853184.0
1742474101,kashef-k8s-ctl.mongodb-reservation-7b474745f-w2qhw,container_memory_working_set_bytes,160075776.0
1742474101,kashef-k8s-w1.frontend-7d9d864798-cld7h,container_memory_working_set_bytes,0.0
1742474101,kashef-k8s-w1.rate-66d9d98f67-d2d9r,container_memory_working_set_bytes,7110656.0
1742474101,kashef-k8s-ctl.jaeger-5d885bcf88-xm7gb,container_memory_working_set_bytes,10051584.0
1742474101,kashef-k8s-w1.mongodb-user-6d96648ddc-btjmd,container_memory_working_set_bytes,160526336.0
1742474101,kashef-k8s-w1.mongodb-geo-86b59b75f4-w4h2w,container_memory_working_set_bytes,157483008.0
1742474101,kashef-k8s-ctl.mongodb-recommendation-59d6b7ccf9-gjdlj,container_memory_working_set_bytes,160587776.0
1742474101,kashef-k8s-ctl.recommendation-6494d54897-2wdw9,container_memory_working_set_bytes,4612096.0
1742474101,kashef-k8s-w1.search-8677798cf5-87cl4,container_memory_working_set_bytes,6492160.0
1742474101,kashef-k8s-w1.memcached-rate-bcc5c97f8-lvjgp,container_memory_working_set_bytes,5111808.0
1742474101,kashef-k8s-ctl.mongodb-rate-785b799bbc-4hsgj,container_memory_working_set_bytes,160292864.0
1742474107,kashef-k8s-ctl.recommendation-6494d54897-2wdw9,container_memory_working_set_bytes,4612096.0
1742474107,kashef-k8s-ctl.mongodb-rate-785b799bbc-4hsgj,container_memory_working_set_bytes,160292864.0
1742474107,kashef-k8s-ctl.profile-6c9f4cc75f-lz8fb,container_memory_working_set_bytes,5914624.0
1742474107,kashef-k8s-w1.user-698454f8c4-kd5hp,container_memory_working_set_bytes,6553600.0
1742474107,kashef-k8s-w1.reservation-7799998946-nztpr,container_memory_working_set_bytes,5853184.0
1742474107,kashef-k8s-w1.memcached-reserve-bdcb467b4-pcdn4,container_memory_working_set_bytes,2764800.0
1742474107,kashef-k8s-ctl.mongodb-profile-6bb85f4df7-gglx2,container_memory_working_set_bytes,160268288.0
1742474107,kashef-k8s-w1.consul-56f5cf4f78-7zbfs,container_memory_working_set_bytes,30760960.0
1742474107,kashef-k8s-ctl.geo-bd9dfdb45-l49z4,container_memory_working_set_bytes,4915200.0
1742474107,kashef-k8s-w1.memcached-rate-bcc5c97f8-lvjgp,container_memory_working_set_bytes,5111808.0
1742474107,kashef-k8s-w1.search-8677798cf5-87cl4,container_memory_working_set_bytes,6492160.0
1742474107,kashef-k8s-ctl.mongodb-recommendation-59d6b7ccf9-gjdlj,container_memory_working_set_bytes,160587776.0
1742474107,kashef-k8s-w1.memcached-profile-7d6fcb6b8-xh5nc,container_memory_working_set_bytes,5120000.0
1742474107,kashef-k8s-ctl.mongodb-reservation-7b474745f-w2qhw,container_memory_working_set_bytes,160075776.0
1742474107,kashef-k8s-w1.rate-66d9d98f67-d2d9r,container_memory_working_set_bytes,7110656.0
1742474107,kashef-k8s-w1.mongodb-user-6d96648ddc-btjmd,container_memory_working_set_bytes,160526336.0
1742474107,kashef-k8s-w1.mongodb-geo-86b59b75f4-w4h2w,container_memory_working_set_bytes,157483008.0
1742474107,kashef-k8s-ctl.jaeger-5d885bcf88-xm7gb,container_memory_working_set_bytes,10051584.0
1742474107,kashef-k8s-w1.frontend-7d9d864798-cld7h,container_memory_working_set_bytes,8450048.0
1742474113,kashef-k8s-ctl.mongodb-reservation-7b474745f-w2qhw,container_memory_working_set_bytes,160075776.0
1742474113,kashef-k8s-w1.consul-56f5cf4f78-7zbfs,container_memory_working_set_bytes,30760960.0
1742474113,kashef-k8s-w1.reservation-7799998946-nztpr,container_memory_working_set_bytes,5853184.0
1742474113,kashef-k8s-ctl.geo-bd9dfdb45-l49z4,container_memory_working_set_bytes,6512640.0
1742474113,kashef-k8s-w1.search-8677798cf5-87cl4,container_memory_working_set_bytes,6492160.0
1742474113,kashef-k8s-w1.memcached-rate-bcc5c97f8-lvjgp,container_memory_working_set_bytes,5111808.0
1742474113,kashef-k8s-w1.memcached-reserve-bdcb467b4-pcdn4,container_memory_working_set_bytes,2764800.0
1742474113,kashef-k8s-ctl.profile-6c9f4cc75f-lz8fb,container_memory_working_set_bytes,5914624.0
1742474113,kashef-k8s-w1.user-698454f8c4-kd5hp,container_memory_working_set_bytes,6553600.0
1742474113,kashef-k8s-ctl.mongodb-recommendation-59d6b7ccf9-gjdlj,container_memory_working_set_bytes,160600064.0
1742474113,kashef-k8s-ctl.recommendation-6494d54897-2wdw9,container_memory_working_set_bytes,4612096.0
1742474113,kashef-k8s-w1.memcached-profile-7d6fcb6b8-xh5nc,container_memory_working_set_bytes,5120000.0
1742474113,kashef-k8s-w1.frontend-7d9d864798-cld7h,container_memory_working_set_bytes,8450048.0
1742474113,kashef-k8s-w1.mongodb-user-6d96648ddc-btjmd,container_memory_working_set_bytes,160526336.0
1742474113,kashef-k8s-w1.mongodb-geo-86b59b75f4-w4h2w,container_memory_working_set_bytes,157483008.0
1742474113,kashef-k8s-ctl.jaeger-5d885bcf88-xm7gb,container_memory_working_set_bytes,16183296.0
1742474113,kashef-k8s-ctl.mongodb-profile-6bb85f4df7-gglx2,container_memory_working_set_bytes,160268288.0
1742474113,kashef-k8s-w1.rate-66d9d98f67-d2d9r,container_memory_working_set_bytes,7110656.0
1742474113,kashef-k8s-ctl.mongodb-rate-785b799bbc-4hsgj,container_memory_working_set_bytes,161562624.0
1742474119,kashef-k8s-w1.user-698454f8c4-kd5hp,container_memory_working_set_bytes,6553600.0
1742474119,kashef-k8s-w1.search-8677798cf5-87cl4,container_memory_working_set_bytes,6492160.0
1742474119,kashef-k8s-w1.memcached-profile-7d6fcb6b8-xh5nc,container_memory_working_set_bytes,5120000.0
1742474119,kashef-k8s-w1.mongodb-user-6d96648ddc-btjmd,container_memory_working_set_bytes,160526336.0
1742474119,kashef-k8s-w1.rate-66d9d98f67-d2d9r,container_memory_working_set_bytes,7110656.0
1742474119,kashef-k8s-w1.consul-56f5cf4f78-7zbfs,container_memory_working_set_bytes,30760960.0
1742474119,kashef-k8s-w1.frontend-7d9d864798-cld7h,container_memory_working_set_bytes,8450048.0
1742474119,kashef-k8s-w1.reservation-7799998946-nztpr,container_memory_working_set_bytes,5853184.0
1742474119,kashef-k8s-w1.memcached-reserve-bdcb467b4-pcdn4,container_memory_working_set_bytes,2764800.0
1742474119,kashef-k8s-w1.mongodb-geo-86b59b75f4-w4h2w,container_memory_working_set_bytes,157483008.0
1742474119,kashef-k8s-ctl.mongodb-recommendation-59d6b7ccf9-gjdlj,container_memory_working_set_bytes,160600064.0
1742474119,kashef-k8s-ctl.profile-6c9f4cc75f-lz8fb,container_memory_working_set_bytes,5914624.0
1742474119,kashef-k8s-ctl.recommendation-6494d54897-2wdw9,container_memory_working_set_bytes,4612096.0
1742474119,kashef-k8s-ctl.mongodb-reservation-7b474745f-w2qhw,container_memory_working_set_bytes,160579584.0
1742474119,kashef-k8s-ctl.mongodb-profile-6bb85f4df7-gglx2,container_memory_working_set_bytes,160268288.0
1742474119,kashef-k8s-ctl.jaeger-5d885bcf88-xm7gb,container_memory_working_set_bytes,16183296.0
1742474119,kashef-k8s-ctl.geo-bd9dfdb45-l49z4,container_memory_working_set_bytes,6512640.0
1742474119,kashef-k8s-ctl.mongodb-rate-785b799bbc-4hsgj,container_memory_working_set_bytes,161562624.0
1742474119,kashef-k8s-w1.memcached-rate-bcc5c97f8-lvjgp,container_memory_working_set_bytes,5111808.0
1742474125,kashef-k8s-w1.consul-56f5cf4f78-7zbfs,container_memory_working_set_bytes,30760960.0
1742474125,kashef-k8s-w1.memcached-profile-7d6fcb6b8-xh5nc,container_memory_working_set_bytes,5177344.0
1742474125,kashef-k8s-ctl.jaeger-5d885bcf88-xm7gb,container_memory_working_set_bytes,16183296.0
1742474125,kashef-k8s-ctl.recommendation-6494d54897-2wdw9,container_memory_working_set_bytes,5873664.0
1742474125,kashef-k8s-w1.mongodb-geo-86b59b75f4-w4h2w,container_memory_working_set_bytes,157474816.0
1742474125,kashef-k8s-w1.search-8677798cf5-87cl4,container_memory_working_set_bytes,6492160.0
1742474125,kashef-k8s-ctl.mongodb-reservation-7b474745f-w2qhw,container_memory_working_set_bytes,160579584.0
1742474125,kashef-k8s-w1.frontend-7d9d864798-cld7h,container_memory_working_set_bytes,8728576.0
1742474125,kashef-k8s-ctl.mongodb-profile-6bb85f4df7-gglx2,container_memory_working_set_bytes,160268288.0
1742474125,kashef-k8s-ctl.profile-6c9f4cc75f-lz8fb,container_memory_working_set_bytes,9117696.0
1742474125,kashef-k8s-w1.user-698454f8c4-kd5hp,container_memory_working_set_bytes,6553600.0
1742474125,kashef-k8s-w1.mongodb-user-6d96648ddc-btjmd,container_memory_working_set_bytes,160526336.0
1742474125,kashef-k8s-ctl.geo-bd9dfdb45-l49z4,container_memory_working_set_bytes,6512640.0
1742474125,kashef-k8s-w1.reservation-7799998946-nztpr,container_memory_working_set_bytes,7794688.0
1742474125,kashef-k8s-w1.memcached-reserve-bdcb467b4-pcdn4,container_memory_working_set_bytes,3874816.0
1742474125,kashef-k8s-w1.memcached-rate-bcc5c97f8-lvjgp,container_memory_working_set_bytes,5148672.0
1742474125,kashef-k8s-w1.rate-66d9d98f67-d2d9r,container_memory_working_set_bytes,7110656.0
1742474125,kashef-k8s-ctl.mongodb-recommendation-59d6b7ccf9-gjdlj,container_memory_working_set_bytes,160600064.0
1742474125,kashef-k8s-ctl.mongodb-rate-785b799bbc-4hsgj,container_memory_working_set_bytes,161562624.0
1742474131,kashef-k8s-w1.memcached-profile-7d6fcb6b8-xh5nc,container_memory_working_set_bytes,5177344.0
1742474131,kashef-k8s-w1.mongodb-user-6d96648ddc-btjmd,container_memory_working_set_bytes,160579584.0
1742474131,kashef-k8s-w1.user-698454f8c4-kd5hp,container_memory_working_set_bytes,6766592.0
1742474131,kashef-k8s-ctl.mongodb-recommendation-59d6b7ccf9-gjdlj,container_memory_working_set_bytes,160600064.0
1742474131,kashef-k8s-w1.reservation-7799998946-nztpr,container_memory_working_set_bytes,7794688.0
1742474131,kashef-k8s-w1.rate-66d9d98f67-d2d9r,container_memory_working_set_bytes,7110656.0
1742474131,kashef-k8s-w1.memcached-reserve-bdcb467b4-pcdn4,container_memory_working_set_bytes,3874816.0
1742474131,kashef-k8s-w1.mongodb-geo-86b59b75f4-w4h2w,container_memory_working_set_bytes,157474816.0
1742474131,kashef-k8s-ctl.jaeger-5d885bcf88-xm7gb,container_memory_working_set_bytes,16183296.0
1742474131,kashef-k8s-ctl.recommendation-6494d54897-2wdw9,container_memory_working_set_bytes,5873664.0
1742474131,kashef-k8s-ctl.mongodb-rate-785b799bbc-4hsgj,container_memory_working_set_bytes,161562624.0
1742474131,kashef-k8s-w1.frontend-7d9d864798-cld7h,container_memory_working_set_bytes,8728576.0
1742474131,kashef-k8s-ctl.mongodb-profile-6bb85f4df7-gglx2,container_memory_working_set_bytes,160268288.0
1742474131,kashef-k8s-w1.consul-56f5cf4f78-7zbfs,container_memory_working_set_bytes,30740480.0
1742474131,kashef-k8s-ctl.profile-6c9f4cc75f-lz8fb,container_memory_working_set_bytes,9117696.0
1742474131,kashef-k8s-w1.memcached-rate-bcc5c97f8-lvjgp,container_memory_working_set_bytes,5148672.0
1742474131,kashef-k8s-ctl.geo-bd9dfdb45-l49z4,container_memory_working_set_bytes,6512640.0
1742474131,kashef-k8s-w1.search-8677798cf5-87cl4,container_memory_working_set_bytes,10141696.0
1742474131,kashef-k8s-ctl.mongodb-reservation-7b474745f-w2qhw,container_memory_working_set_bytes,160579584.0
1742474137,kashef-k8s-w1.mongodb-user-6d96648ddc-btjmd,container_memory_working_set_bytes,160579584.0
1742474137,kashef-k8s-ctl.mongodb-recommendation-59d6b7ccf9-gjdlj,container_memory_working_set_bytes,160600064.0
1742474137,kashef-k8s-w1.memcached-reserve-bdcb467b4-pcdn4,container_memory_working_set_bytes,3874816.0
1742474137,kashef-k8s-w1.consul-56f5cf4f78-7zbfs,container_memory_working_set_bytes,30740480.0
1742474137,kashef-k8s-ctl.mongodb-profile-6bb85f4df7-gglx2,container_memory_working_set_bytes,160268288.0
1742474137,kashef-k8s-ctl.mongodb-rate-785b799bbc-4hsgj,container_memory_working_set_bytes,161562624.0
1742474137,kashef-k8s-ctl.recommendation-6494d54897-2wdw9,container_memory_working_set_bytes,5873664.0
1742474137,kashef-k8s-ctl.mongodb-reservation-7b474745f-w2qhw,container_memory_working_set_bytes,160579584.0
1742474137,kashef-k8s-w1.search-8677798cf5-87cl4,container_memory_working_set_bytes,10141696.0
1742474137,kashef-k8s-w1.reservation-7799998946-nztpr,container_memory_working_set_bytes,7794688.0
1742474137,kashef-k8s-w1.rate-66d9d98f67-d2d9r,container_memory_working_set_bytes,8101888.0
1742474137,kashef-k8s-w1.user-698454f8c4-kd5hp,container_memory_working_set_bytes,6766592.0
1742474137,kashef-k8s-w1.memcached-profile-7d6fcb6b8-xh5nc,container_memory_working_set_bytes,5177344.0
1742474137,kashef-k8s-w1.mongodb-geo-86b59b75f4-w4h2w,container_memory_working_set_bytes,157474816.0
1742474137,kashef-k8s-ctl.geo-bd9dfdb45-l49z4,container_memory_working_set_bytes,6512640.0
1742474137,kashef-k8s-w1.memcached-rate-bcc5c97f8-lvjgp,container_memory_working_set_bytes,5148672.0
1742474137,kashef-k8s-ctl.profile-6c9f4cc75f-lz8fb,container_memory_working_set_bytes,9080832.0
1742474137,kashef-k8s-w1.frontend-7d9d864798-cld7h,container_memory_working_set_bytes,8728576.0
1742474137,kashef-k8s-ctl.jaeger-5d885bcf88-xm7gb,container_memory_working_set_bytes,16183296.0
1742474143,kashef-k8s-ctl.profile-6c9f4cc75f-lz8fb,container_memory_working_set_bytes,9080832.0
1742474143,kashef-k8s-w1.rate-66d9d98f67-d2d9r,container_memory_working_set_bytes,8101888.0
1742474143,kashef-k8s-w1.user-698454f8c4-kd5hp,container_memory_working_set_bytes,6766592.0
1742474143,kashef-k8s-w1.memcached-profile-7d6fcb6b8-xh5nc,container_memory_working_set_bytes,5177344.0
1742474143,kashef-k8s-ctl.recommendation-6494d54897-2wdw9,container_memory_working_set_bytes,6877184.0
1742474143,kashef-k8s-w1.memcached-reserve-bdcb467b4-pcdn4,container_memory_working_set_bytes,3874816.0
1742474143,kashef-k8s-ctl.mongodb-recommendation-59d6b7ccf9-gjdlj,container_memory_working_set_bytes,160600064.0
1742474143,kashef-k8s-w1.reservation-7799998946-nztpr,container_memory_working_set_bytes,7794688.0
1742474143,kashef-k8s-w1.mongodb-user-6d96648ddc-btjmd,container_memory_working_set_bytes,160579584.0
1742474143,kashef-k8s-ctl.mongodb-rate-785b799bbc-4hsgj,container_memory_working_set_bytes,161521664.0
1742474143,kashef-k8s-w1.consul-56f5cf4f78-7zbfs,container_memory_working_set_bytes,30740480.0
1742474143,kashef-k8s-w1.frontend-7d9d864798-cld7h,container_memory_working_set_bytes,8728576.0
1742474143,kashef-k8s-ctl.jaeger-5d885bcf88-xm7gb,container_memory_working_set_bytes,21786624.0
1742474143,kashef-k8s-w1.memcached-rate-bcc5c97f8-lvjgp,container_memory_working_set_bytes,5148672.0
1742474143,kashef-k8s-ctl.mongodb-profile-6bb85f4df7-gglx2,container_memory_working_set_bytes,160337920.0
1742474143,kashef-k8s-w1.search-8677798cf5-87cl4,container_memory_working_set_bytes,10141696.0
1742474143,kashef-k8s-ctl.mongodb-reservation-7b474745f-w2qhw,container_memory_working_set_bytes,160579584.0
1742474143,kashef-k8s-w1.mongodb-geo-86b59b75f4-w4h2w,container_memory_working_set_bytes,157474816.0
1742474143,kashef-k8s-ctl.geo-bd9dfdb45-l49z4,container_memory_working_set_bytes,6512640.0
1742474149,kashef-k8s-ctl.mongodb-reservation-7b474745f-w2qhw,container_memory_working_set_bytes,161263616.0
1742474149,kashef-k8s-ctl.geo-bd9dfdb45-l49z4,container_memory_working_set_bytes,7372800.0
1742474149,kashef-k8s-w1.mongodb-user-6d96648ddc-btjmd,container_memory_working_set_bytes,160460800.0
1742474149,kashef-k8s-w1.search-8677798cf5-87cl4,container_memory_working_set_bytes,8175616.0
1742474149,kashef-k8s-ctl.mongodb-profile-6bb85f4df7-gglx2,container_memory_working_set_bytes,160337920.0
1742474149,kashef-k8s-w1.consul-56f5cf4f78-7zbfs,container_memory_working_set_bytes,30740480.0
1742474149,kashef-k8s-w1.frontend-7d9d864798-cld7h,container_memory_working_set_bytes,8728576.0
1742474149,kashef-k8s-w1.mongodb-geo-86b59b75f4-w4h2w,container_memory_working_set_bytes,157474816.0
1742474149,kashef-k8s-ctl.jaeger-5d885bcf88-xm7gb,container_memory_working_set_bytes,21786624.0
1742474149,kashef-k8s-w1.rate-66d9d98f67-d2d9r,container_memory_working_set_bytes,8101888.0
1742474149,kashef-k8s-w1.reservation-7799998946-nztpr,container_memory_working_set_bytes,7794688.0
1742474149,kashef-k8s-w1.memcached-reserve-bdcb467b4-pcdn4,container_memory_working_set_bytes,3874816.0
1742474149,kashef-k8s-ctl.recommendation-6494d54897-2wdw9,container_memory_working_set_bytes,6877184.0
1742474149,kashef-k8s-ctl.profile-6c9f4cc75f-lz8fb,container_memory_working_set_bytes,9080832.0
1742474149,kashef-k8s-w1.memcached-rate-bcc5c97f8-lvjgp,container_memory_working_set_bytes,5148672.0
1742474149,kashef-k8s-ctl.mongodb-recommendation-59d6b7ccf9-gjdlj,container_memory_working_set_bytes,161116160.0
1742474149,kashef-k8s-w1.memcached-profile-7d6fcb6b8-xh5nc,container_memory_working_set_bytes,5177344.0
1742474149,kashef-k8s-w1.user-698454f8c4-kd5hp,container_memory_working_set_bytes,6766592.0
1742474149,kashef-k8s-ctl.mongodb-rate-785b799bbc-4hsgj,container_memory_working_set_bytes,161521664.0
1742474155,kashef-k8s-ctl.profile-6c9f4cc75f-lz8fb,container_memory_working_set_bytes,9080832.0
1742474155,kashef-k8s-w1.mongodb-geo-86b59b75f4-w4h2w,container_memory_working_set_bytes,157474816.0
1742474155,kashef-k8s-w1.frontend-7d9d864798-cld7h,container_memory_working_set_bytes,8728576.0
1742474155,kashef-k8s-w1.consul-56f5cf4f78-7zbfs,container_memory_working_set_bytes,30740480.0
1742474155,kashef-k8s-ctl.recommendation-6494d54897-2wdw9,container_memory_working_set_bytes,6877184.0
1742474155,kashef-k8s-ctl.mongodb-profile-6bb85f4df7-gglx2,container_memory_working_set_bytes,160337920.0
1742474155,kashef-k8s-ctl.jaeger-5d885bcf88-xm7gb,container_memory_working_set_bytes,21786624.0
1742474155,kashef-k8s-ctl.mongodb-reservation-7b474745f-w2qhw,container_memory_working_set_bytes,161263616.0
1742474155,kashef-k8s-w1.memcached-rate-bcc5c97f8-lvjgp,container_memory_working_set_bytes,5287936.0
1742474155,kashef-k8s-ctl.mongodb-recommendation-59d6b7ccf9-gjdlj,container_memory_working_set_bytes,161116160.0
1742474155,kashef-k8s-ctl.geo-bd9dfdb45-l49z4,container_memory_working_set_bytes,7372800.0
1742474155,kashef-k8s-w1.mongodb-user-6d96648ddc-btjmd,container_memory_working_set_bytes,160460800.0
1742474155,kashef-k8s-w1.search-8677798cf5-87cl4,container_memory_working_set_bytes,8175616.0
1742474155,kashef-k8s-w1.reservation-7799998946-nztpr,container_memory_working_set_bytes,7794688.0
1742474155,kashef-k8s-w1.user-698454f8c4-kd5hp,container_memory_working_set_bytes,6946816.0
1742474155,kashef-k8s-w1.memcached-reserve-bdcb467b4-pcdn4,container_memory_working_set_bytes,3928064.0
1742474155,kashef-k8s-w1.rate-66d9d98f67-d2d9r,container_memory_working_set_bytes,8101888.0
1742474155,kashef-k8s-ctl.mongodb-rate-785b799bbc-4hsgj,container_memory_working_set_bytes,161521664.0
1742474155,kashef-k8s-w1.memcached-profile-7d6fcb6b8-xh5nc,container_memory_working_set_bytes,5189632.0
1742474161,kashef-k8s-ctl.mongodb-reservation-7b474745f-w2qhw,container_memory_working_set_bytes,161263616.0
1742474161,kashef-k8s-w1.mongodb-user-6d96648ddc-btjmd,container_memory_working_set_bytes,160460800.0
1742474161,kashef-k8s-w1.memcached-profile-7d6fcb6b8-xh5nc,container_memory_working_set_bytes,5189632.0
1742474161,kashef-k8s-w1.search-8677798cf5-87cl4,container_memory_working_set_bytes,8175616.0
1742474161,kashef-k8s-w1.mongodb-geo-86b59b75f4-w4h2w,container_memory_working_set_bytes,158003200.0
1742474161,kashef-k8s-ctl.jaeger-5d885bcf88-xm7gb,container_memory_working_set_bytes,21786624.0
1742474161,kashef-k8s-w1.user-698454f8c4-kd5hp,container_memory_working_set_bytes,6946816.0
1742474161,kashef-k8s-ctl.mongodb-profile-6bb85f4df7-gglx2,container_memory_working_set_bytes,160337920.0
1742474161,kashef-k8s-w1.memcached-reserve-bdcb467b4-pcdn4,container_memory_working_set_bytes,3928064.0
1742474161,kashef-k8s-ctl.mongodb-recommendation-59d6b7ccf9-gjdlj,container_memory_working_set_bytes,161116160.0
1742474161,kashef-k8s-w1.frontend-7d9d864798-cld7h,container_memory_working_set_bytes,8728576.0
1742474161,kashef-k8s-w1.consul-56f5cf4f78-7zbfs,container_memory_working_set_bytes,31985664.0
1742474161,kashef-k8s-w1.memcached-rate-bcc5c97f8-lvjgp,container_memory_working_set_bytes,5287936.0
1742474161,kashef-k8s-w1.rate-66d9d98f67-d2d9r,container_memory_working_set_bytes,8101888.0
1742474161,kashef-k8s-w1.reservation-7799998946-nztpr,container_memory_working_set_bytes,9216000.0
1742474161,kashef-k8s-ctl.recommendation-6494d54897-2wdw9,container_memory_working_set_bytes,6877184.0
1742474161,kashef-k8s-ctl.geo-bd9dfdb45-l49z4,container_memory_working_set_bytes,7372800.0
1742474161,kashef-k8s-ctl.profile-6c9f4cc75f-lz8fb,container_memory_working_set_bytes,9080832.0
1742474161,kashef-k8s-ctl.mongodb-rate-785b799bbc-4hsgj,container_memory_working_set_bytes,161521664.0
1742474167,kashef-k8s-w1.consul-56f5cf4f78-7zbfs,container_memory_working_set_bytes,31985664.0
1742474167,kashef-k8s-w1.user-698454f8c4-kd5hp,container_memory_working_set_bytes,6946816.0
1742474167,kashef-k8s-w1.mongodb-user-6d96648ddc-btjmd,container_memory_working_set_bytes,160460800.0
1742474167,kashef-k8s-w1.rate-66d9d98f67-d2d9r,container_memory_working_set_bytes,8249344.0
1742474167,kashef-k8s-ctl.mongodb-rate-785b799bbc-4hsgj,container_memory_working_set_bytes,161521664.0
1742474167,kashef-k8s-w1.reservation-7799998946-nztpr,container_memory_working_set_bytes,9216000.0
1742474167,kashef-k8s-ctl.mongodb-recommendation-59d6b7ccf9-gjdlj,container_memory_working_set_bytes,161116160.0
1742474167,kashef-k8s-w1.memcached-reserve-bdcb467b4-pcdn4,container_memory_working_set_bytes,3928064.0
1742474167,kashef-k8s-ctl.mongodb-profile-6bb85f4df7-gglx2,container_memory_working_set_bytes,160337920.0
1742474167,kashef-k8s-ctl.jaeger-5d885bcf88-xm7gb,container_memory_working_set_bytes,21786624.0
1742474167,kashef-k8s-w1.mongodb-geo-86b59b75f4-w4h2w,container_memory_working_set_bytes,158003200.0
1742474167,kashef-k8s-w1.memcached-profile-7d6fcb6b8-xh5nc,container_memory_working_set_bytes,5189632.0
1742474167,kashef-k8s-ctl.mongodb-reservation-7b474745f-w2qhw,container_memory_working_set_bytes,161263616.0
1742474167,kashef-k8s-ctl.geo-bd9dfdb45-l49z4,container_memory_working_set_bytes,7372800.0
1742474167,kashef-k8s-ctl.profile-6c9f4cc75f-lz8fb,container_memory_working_set_bytes,9080832.0
1742474167,kashef-k8s-w1.memcached-rate-bcc5c97f8-lvjgp,container_memory_working_set_bytes,5287936.0
1742474167,kashef-k8s-w1.search-8677798cf5-87cl4,container_memory_working_set_bytes,8175616.0
1742474167,kashef-k8s-ctl.recommendation-6494d54897-2wdw9,container_memory_working_set_bytes,6877184.0
1742474167,kashef-k8s-w1.frontend-7d9d864798-cld7h,container_memory_working_set_bytes,8839168.0
1742474173,kashef-k8s-w1.consul-56f5cf4f78-7zbfs,container_memory_working_set_bytes,31985664.0
1742474173,kashef-k8s-ctl.mongodb-recommendation-59d6b7ccf9-gjdlj,container_memory_working_set_bytes,161116160.0
1742474173,kashef-k8s-w1.mongodb-user-6d96648ddc-btjmd,container_memory_working_set_bytes,160460800.0
1742474173,kashef-k8s-ctl.mongodb-reservation-7b474745f-w2qhw,container_memory_working_set_bytes,161263616.0
1742474173,kashef-k8s-w1.memcached-reserve-bdcb467b4-pcdn4,container_memory_working_set_bytes,3928064.0
1742474173,kashef-k8s-w1.user-698454f8c4-kd5hp,container_memory_working_set_bytes,6946816.0
1742474173,kashef-k8s-ctl.mongodb-profile-6bb85f4df7-gglx2,container_memory_working_set_bytes,160337920.0
1742474173,kashef-k8s-w1.memcached-profile-7d6fcb6b8-xh5nc,container_memory_working_set_bytes,5189632.0
1742474173,kashef-k8s-w1.mongodb-geo-86b59b75f4-w4h2w,container_memory_working_set_bytes,158003200.0
1742474173,kashef-k8s-ctl.jaeger-5d885bcf88-xm7gb,container_memory_working_set_bytes,21786624.0
1742474173,kashef-k8s-w1.rate-66d9d98f67-d2d9r,container_memory_working_set_bytes,8249344.0
1742474173,kashef-k8s-w1.memcached-rate-bcc5c97f8-lvjgp,container_memory_working_set_bytes,5287936.0
1742474173,kashef-k8s-ctl.recommendation-6494d54897-2wdw9,container_memory_working_set_bytes,6877184.0
1742474173,kashef-k8s-w1.reservation-7799998946-nztpr,container_memory_working_set_bytes,9216000.0
1742474173,kashef-k8s-w1.frontend-7d9d864798-cld7h,container_memory_working_set_bytes,8839168.0
1742474173,kashef-k8s-ctl.mongodb-rate-785b799bbc-4hsgj,container_memory_working_set_bytes,161521664.0
1742474173,kashef-k8s-ctl.geo-bd9dfdb45-l49z4,container_memory_working_set_bytes,7372800.0
1742474173,kashef-k8s-ctl.profile-6c9f4cc75f-lz8fb,container_memory_working_set_bytes,9289728.0
1742474173,kashef-k8s-w1.search-8677798cf5-87cl4,container_memory_working_set_bytes,8175616.0
1742474179,kashef-k8s-w1.search-8677798cf5-87cl4,container_memory_working_set_bytes,8175616.0
1742474179,kashef-k8s-w1.memcached-rate-bcc5c97f8-lvjgp,container_memory_working_set_bytes,5287936.0
1742474179,kashef-k8s-w1.reservation-7799998946-nztpr,container_memory_working_set_bytes,9216000.0
1742474179,kashef-k8s-ctl.recommendation-6494d54897-2wdw9,container_memory_working_set_bytes,7622656.0
1742474179,kashef-k8s-ctl.mongodb-reservation-7b474745f-w2qhw,container_memory_working_set_bytes,161263616.0
1742474179,kashef-k8s-w1.consul-56f5cf4f78-7zbfs,container_memory_working_set_bytes,33083392.0
1742474179,kashef-k8s-w1.frontend-7d9d864798-cld7h,container_memory_working_set_bytes,8839168.0
1742474179,kashef-k8s-w1.memcached-profile-7d6fcb6b8-xh5nc,container_memory_working_set_bytes,5189632.0
1742474179,kashef-k8s-ctl.mongodb-recommendation-59d6b7ccf9-gjdlj,container_memory_working_set_bytes,161128448.0
1742474179,kashef-k8s-ctl.mongodb-rate-785b799bbc-4hsgj,container_memory_working_set_bytes,161533952.0
1742474179,kashef-k8s-ctl.mongodb-profile-6bb85f4df7-gglx2,container_memory_working_set_bytes,160337920.0
1742474179,kashef-k8s-w1.rate-66d9d98f67-d2d9r,container_memory_working_set_bytes,8249344.0
1742474179,kashef-k8s-ctl.jaeger-5d885bcf88-xm7gb,container_memory_working_set_bytes,29855744.0
1742474179,kashef-k8s-w1.mongodb-geo-86b59b75f4-w4h2w,container_memory_working_set_bytes,158011392.0
1742474179,kashef-k8s-w1.user-698454f8c4-kd5hp,container_memory_working_set_bytes,6946816.0
1742474179,kashef-k8s-w1.memcached-reserve-bdcb467b4-pcdn4,container_memory_working_set_bytes,3928064.0
1742474179,kashef-k8s-ctl.geo-bd9dfdb45-l49z4,container_memory_working_set_bytes,8019968.0
1742474179,kashef-k8s-w1.mongodb-user-6d96648ddc-btjmd,container_memory_working_set_bytes,160460800.0
1742474179,kashef-k8s-ctl.profile-6c9f4cc75f-lz8fb,container_memory_working_set_bytes,9289728.0
1742474185,kashef-k8s-w1.frontend-7d9d864798-cld7h,container_memory_working_set_bytes,8839168.0
1742474185,kashef-k8s-w1.user-698454f8c4-kd5hp,container_memory_working_set_bytes,11091968.0
1742474185,kashef-k8s-w1.rate-66d9d98f67-d2d9r,container_memory_working_set_bytes,8368128.0
1742474185,kashef-k8s-ctl.mongodb-recommendation-59d6b7ccf9-gjdlj,container_memory_working_set_bytes,161128448.0
1742474185,kashef-k8s-w1.memcached-profile-7d6fcb6b8-xh5nc,container_memory_working_set_bytes,5189632.0
1742474185,kashef-k8s-w1.memcached-reserve-bdcb467b4-pcdn4,container_memory_working_set_bytes,4182016.0
1742474185,kashef-k8s-ctl.mongodb-reservation-7b474745f-w2qhw,container_memory_working_set_bytes,161271808.0
1742474185,kashef-k8s-w1.reservation-7799998946-nztpr,container_memory_working_set_bytes,9216000.0
1742474185,kashef-k8s-w1.consul-56f5cf4f78-7zbfs,container_memory_working_set_bytes,33083392.0
1742474185,kashef-k8s-ctl.recommendation-6494d54897-2wdw9,container_memory_working_set_bytes,7622656.0
1742474185,kashef-k8s-w1.memcached-rate-bcc5c97f8-lvjgp,container_memory_working_set_bytes,5287936.0
1742474185,kashef-k8s-w1.search-8677798cf5-87cl4,container_memory_working_set_bytes,8175616.0
1742474185,kashef-k8s-w1.mongodb-user-6d96648ddc-btjmd,container_memory_working_set_bytes,160460800.0
1742474185,kashef-k8s-ctl.profile-6c9f4cc75f-lz8fb,container_memory_working_set_bytes,9289728.0
1742474185,kashef-k8s-ctl.geo-bd9dfdb45-l49z4,container_memory_working_set_bytes,8019968.0
1742474185,kashef-k8s-ctl.jaeger-5d885bcf88-xm7gb,container_memory_working_set_bytes,29855744.0
1742474185,kashef-k8s-w1.mongodb-geo-86b59b75f4-w4h2w,container_memory_working_set_bytes,158011392.0
1742474185,kashef-k8s-ctl.mongodb-profile-6bb85f4df7-gglx2,container_memory_working_set_bytes,160337920.0
1742474185,kashef-k8s-ctl.mongodb-rate-785b799bbc-4hsgj,container_memory_working_set_bytes,161533952.0
1742474191,kashef-k8s-ctl.mongodb-recommendation-59d6b7ccf9-gjdlj,container_memory_working_set_bytes,161128448.0
1742474191,kashef-k8s-w1.consul-56f5cf4f78-7zbfs,container_memory_working_set_bytes,33083392.0
1742474191,kashef-k8s-w1.memcached-rate-bcc5c97f8-lvjgp,container_memory_working_set_bytes,5287936.0
1742474191,kashef-k8s-w1.search-8677798cf5-87cl4,container_memory_working_set_bytes,8921088.0
1742474191,kashef-k8s-w1.reservation-7799998946-nztpr,container_memory_working_set_bytes,9216000.0
1742474191,kashef-k8s-w1.mongodb-user-6d96648ddc-btjmd,container_memory_working_set_bytes,160460800.0
1742474191,kashef-k8s-w1.memcached-profile-7d6fcb6b8-xh5nc,container_memory_working_set_bytes,5189632.0
1742474191,kashef-k8s-w1.frontend-7d9d864798-cld7h,container_memory_working_set_bytes,9154560.0
1742474191,kashef-k8s-ctl.recommendation-6494d54897-2wdw9,container_memory_working_set_bytes,7622656.0
1742474191,kashef-k8s-ctl.mongodb-reservation-7b474745f-w2qhw,container_memory_working_set_bytes,161271808.0
1742474191,kashef-k8s-w1.memcached-reserve-bdcb467b4-pcdn4,container_memory_working_set_bytes,4182016.0
1742474191,kashef-k8s-w1.mongodb-geo-86b59b75f4-w4h2w,container_memory_working_set_bytes,158011392.0
1742474191,kashef-k8s-w1.rate-66d9d98f67-d2d9r,container_memory_working_set_bytes,8368128.0
1742474191,kashef-k8s-w1.user-698454f8c4-kd5hp,container_memory_working_set_bytes,11091968.0
1742474191,kashef-k8s-ctl.mongodb-rate-785b799bbc-4hsgj,container_memory_working_set_bytes,161533952.0
1742474191,kashef-k8s-ctl.jaeger-5d885bcf88-xm7gb,container_memory_working_set_bytes,29855744.0
1742474191,kashef-k8s-ctl.mongodb-profile-6bb85f4df7-gglx2,container_memory_working_set_bytes,160337920.0
1742474191,kashef-k8s-ctl.geo-bd9dfdb45-l49z4,container_memory_working_set_bytes,8019968.0
1742474191,kashef-k8s-ctl.profile-6c9f4cc75f-lz8fb,container_memory_working_set_bytes,9289728.0
1742474197,kashef-k8s-ctl.profile-6c9f4cc75f-lz8fb,container_memory_working_set_bytes,9015296.0
1742474197,kashef-k8s-ctl.geo-bd9dfdb45-l49z4,container_memory_working_set_bytes,8019968.0
1742474197,kashef-k8s-w1.reservation-7799998946-nztpr,container_memory_working_set_bytes,8065024.0
1742474197,kashef-k8s-w1.search-8677798cf5-87cl4,container_memory_working_set_bytes,8921088.0
1742474197,kashef-k8s-ctl.mongodb-reservation-7b474745f-w2qhw,container_memory_working_set_bytes,161271808.0
1742474197,kashef-k8s-ctl.recommendation-6494d54897-2wdw9,container_memory_working_set_bytes,7622656.0
1742474197,kashef-k8s-ctl.mongodb-profile-6bb85f4df7-gglx2,container_memory_working_set_bytes,160473088.0
1742474197,kashef-k8s-w1.memcached-rate-bcc5c97f8-lvjgp,container_memory_working_set_bytes,5287936.0
1742474197,kashef-k8s-ctl.mongodb-recommendation-59d6b7ccf9-gjdlj,container_memory_working_set_bytes,161128448.0
1742474197,kashef-k8s-ctl.mongodb-rate-785b799bbc-4hsgj,container_memory_working_set_bytes,161533952.0
1742474197,kashef-k8s-w1.rate-66d9d98f67-d2d9r,container_memory_working_set_bytes,8368128.0
1742474197,kashef-k8s-w1.mongodb-geo-86b59b75f4-w4h2w,container_memory_working_set_bytes,158011392.0
1742474197,kashef-k8s-w1.memcached-profile-7d6fcb6b8-xh5nc,container_memory_working_set_bytes,5210112.0
1742474197,kashef-k8s-w1.frontend-7d9d864798-cld7h,container_memory_working_set_bytes,9154560.0
1742474197,kashef-k8s-ctl.jaeger-5d885bcf88-xm7gb,container_memory_working_set_bytes,31145984.0
1742474197,kashef-k8s-w1.consul-56f5cf4f78-7zbfs,container_memory_working_set_bytes,33083392.0
1742474197,kashef-k8s-w1.user-698454f8c4-kd5hp,container_memory_working_set_bytes,11091968.0
1742474197,kashef-k8s-w1.mongodb-user-6d96648ddc-btjmd,container_memory_working_set_bytes,160460800.0
1742474197,kashef-k8s-w1.memcached-reserve-bdcb467b4-pcdn4,container_memory_working_set_bytes,4182016.0
1742474203,kashef-k8s-ctl.recommendation-6494d54897-2wdw9,container_memory_working_set_bytes,7622656.0
1742474203,kashef-k8s-ctl.geo-bd9dfdb45-l49z4,container_memory_working_set_bytes,8019968.0
1742474203,kashef-k8s-ctl.mongodb-reservation-7b474745f-w2qhw,container_memory_working_set_bytes,161271808.0
1742474203,kashef-k8s-w1.reservation-7799998946-nztpr,container_memory_working_set_bytes,8065024.0
1742474203,kashef-k8s-ctl.mongodb-profile-6bb85f4df7-gglx2,container_memory_working_set_bytes,160473088.0
1742474203,kashef-k8s-w1.frontend-7d9d864798-cld7h,container_memory_working_set_bytes,9154560.0
1742474203,kashef-k8s-w1.consul-56f5cf4f78-7zbfs,container_memory_working_set_bytes,33083392.0
1742474203,kashef-k8s-w1.memcached-profile-7d6fcb6b8-xh5nc,container_memory_working_set_bytes,5210112.0
1742474203,kashef-k8s-ctl.jaeger-5d885bcf88-xm7gb,container_memory_working_set_bytes,31145984.0
1742474203,kashef-k8s-ctl.mongodb-rate-785b799bbc-4hsgj,container_memory_working_set_bytes,161533952.0
1742474203,kashef-k8s-ctl.profile-6c9f4cc75f-lz8fb,container_memory_working_set_bytes,9015296.0
1742474203,kashef-k8s-w1.memcached-rate-bcc5c97f8-lvjgp,container_memory_working_set_bytes,5287936.0
1742474203,kashef-k8s-w1.search-8677798cf5-87cl4,container_memory_working_set_bytes,8921088.0
1742474203,kashef-k8s-w1.user-698454f8c4-kd5hp,container_memory_working_set_bytes,11091968.0
1742474203,kashef-k8s-w1.mongodb-geo-86b59b75f4-w4h2w,container_memory_working_set_bytes,158011392.0
1742474203,kashef-k8s-ctl.mongodb-recommendation-59d6b7ccf9-gjdlj,container_memory_working_set_bytes,161128448.0
1742474203,kashef-k8s-w1.memcached-reserve-bdcb467b4-pcdn4,container_memory_working_set_bytes,4182016.0
1742474203,kashef-k8s-w1.rate-66d9d98f67-d2d9r,container_memory_working_set_bytes,8368128.0
1742474203,kashef-k8s-w1.mongodb-user-6d96648ddc-btjmd,container_memory_working_set_bytes,160460800.0
1742474209,kashef-k8s-ctl.mongodb-reservation-7b474745f-w2qhw,container_memory_working_set_bytes,161304576.0
1742474209,kashef-k8s-ctl.profile-6c9f4cc75f-lz8fb,container_memory_working_set_bytes,9015296.0
1742474209,kashef-k8s-w1.search-8677798cf5-87cl4,container_memory_working_set_bytes,8921088.0
1742474209,kashef-k8s-w1.reservation-7799998946-nztpr,container_memory_working_set_bytes,8065024.0
1742474209,kashef-k8s-w1.memcached-rate-bcc5c97f8-lvjgp,container_memory_working_set_bytes,5287936.0
1742474209,kashef-k8s-w1.mongodb-geo-86b59b75f4-w4h2w,container_memory_working_set_bytes,158011392.0
1742474209,kashef-k8s-ctl.mongodb-profile-6bb85f4df7-gglx2,container_memory_working_set_bytes,160473088.0
1742474209,kashef-k8s-w1.rate-66d9d98f67-d2d9r,container_memory_working_set_bytes,8368128.0
1742474209,kashef-k8s-w1.user-698454f8c4-kd5hp,container_memory_working_set_bytes,11091968.0
1742474209,kashef-k8s-ctl.mongodb-recommendation-59d6b7ccf9-gjdlj,container_memory_working_set_bytes,161292288.0
1742474209,kashef-k8s-ctl.recommendation-6494d54897-2wdw9,container_memory_working_set_bytes,7806976.0
1742474209,kashef-k8s-w1.memcached-reserve-bdcb467b4-pcdn4,container_memory_working_set_bytes,4182016.0
1742474209,kashef-k8s-w1.consul-56f5cf4f78-7zbfs,container_memory_working_set_bytes,33083392.0
1742474209,kashef-k8s-ctl.jaeger-5d885bcf88-xm7gb,container_memory_working_set_bytes,31145984.0
1742474209,kashef-k8s-ctl.mongodb-rate-785b799bbc-4hsgj,container_memory_working_set_bytes,161538048.0
1742474209,kashef-k8s-w1.memcached-profile-7d6fcb6b8-xh5nc,container_memory_working_set_bytes,5210112.0
1742474209,kashef-k8s-w1.frontend-7d9d864798-cld7h,container_memory_working_set_bytes,9154560.0
1742474209,kashef-k8s-w1.mongodb-user-6d96648ddc-btjmd,container_memory_working_set_bytes,160460800.0
1742474209,kashef-k8s-ctl.geo-bd9dfdb45-l49z4,container_memory_working_set_bytes,7933952.0
1742474215,kashef-k8s-ctl.recommendation-6494d54897-2wdw9,container_memory_working_set_bytes,7806976.0
1742474215,kashef-k8s-w1.memcached-rate-bcc5c97f8-lvjgp,container_memory_working_set_bytes,5287936.0
1742474215,kashef-k8s-w1.rate-66d9d98f67-d2d9r,container_memory_working_set_bytes,8368128.0
1742474215,kashef-k8s-w1.consul-56f5cf4f78-7zbfs,container_memory_working_set_bytes,33964032.0
1742474215,kashef-k8s-ctl.geo-bd9dfdb45-l49z4,container_memory_working_set_bytes,7933952.0
1742474215,kashef-k8s-ctl.mongodb-recommendation-59d6b7ccf9-gjdlj,container_memory_working_set_bytes,161292288.0
1742474215,kashef-k8s-ctl.mongodb-profile-6bb85f4df7-gglx2,container_memory_working_set_bytes,160473088.0
1742474215,kashef-k8s-w1.mongodb-geo-86b59b75f4-w4h2w,container_memory_working_set_bytes,158011392.0
1742474215,kashef-k8s-ctl.profile-6c9f4cc75f-lz8fb,container_memory_working_set_bytes,9015296.0
1742474215,kashef-k8s-w1.reservation-7799998946-nztpr,container_memory_working_set_bytes,8065024.0
1742474215,kashef-k8s-w1.user-698454f8c4-kd5hp,container_memory_working_set_bytes,6275072.0
1742474215,kashef-k8s-w1.search-8677798cf5-87cl4,container_memory_working_set_bytes,8921088.0
1742474215,kashef-k8s-ctl.mongodb-reservation-7b474745f-w2qhw,container_memory_working_set_bytes,161304576.0
1742474215,kashef-k8s-w1.frontend-7d9d864798-cld7h,container_memory_working_set_bytes,9154560.0
1742474215,kashef-k8s-ctl.mongodb-rate-785b799bbc-4hsgj,container_memory_working_set_bytes,161538048.0
1742474215,kashef-k8s-w1.memcached-reserve-bdcb467b4-pcdn4,container_memory_working_set_bytes,3923968.0
1742474215,kashef-k8s-w1.mongodb-user-6d96648ddc-btjmd,container_memory_working_set_bytes,160595968.0
1742474215,kashef-k8s-ctl.jaeger-5d885bcf88-xm7gb,container_memory_working_set_bytes,31145984.0
1742474215,kashef-k8s-w1.memcached-profile-7d6fcb6b8-xh5nc,container_memory_working_set_bytes,5210112.0
1742474221,kashef-k8s-w1.mongodb-geo-86b59b75f4-w4h2w,container_memory_working_set_bytes,158011392.0
1742474221,kashef-k8s-ctl.recommendation-6494d54897-2wdw9,container_memory_working_set_bytes,7806976.0
1742474221,kashef-k8s-w1.user-698454f8c4-kd5hp,container_memory_working_set_bytes,6275072.0
1742474221,kashef-k8s-ctl.mongodb-reservation-7b474745f-w2qhw,container_memory_working_set_bytes,161304576.0
1742474221,kashef-k8s-ctl.mongodb-profile-6bb85f4df7-gglx2,container_memory_working_set_bytes,160473088.0
1742474221,kashef-k8s-w1.rate-66d9d98f67-d2d9r,container_memory_working_set_bytes,8310784.0
1742474221,kashef-k8s-ctl.profile-6c9f4cc75f-lz8fb,container_memory_working_set_bytes,9015296.0
1742474221,kashef-k8s-w1.search-8677798cf5-87cl4,container_memory_working_set_bytes,9269248.0
1742474221,kashef-k8s-w1.reservation-7799998946-nztpr,container_memory_working_set_bytes,8531968.0
1742474221,kashef-k8s-w1.memcached-rate-bcc5c97f8-lvjgp,container_memory_working_set_bytes,5287936.0
1742474221,kashef-k8s-ctl.geo-bd9dfdb45-l49z4,container_memory_working_set_bytes,7933952.0
1742474221,kashef-k8s-ctl.mongodb-rate-785b799bbc-4hsgj,container_memory_working_set_bytes,161538048.0
1742474221,kashef-k8s-ctl.jaeger-5d885bcf88-xm7gb,container_memory_working_set_bytes,31145984.0
1742474221,kashef-k8s-w1.consul-56f5cf4f78-7zbfs,container_memory_working_set_bytes,33964032.0
1742474221,kashef-k8s-w1.memcached-profile-7d6fcb6b8-xh5nc,container_memory_working_set_bytes,5087232.0
1742474221,kashef-k8s-ctl.mongodb-recommendation-59d6b7ccf9-gjdlj,container_memory_working_set_bytes,161292288.0
1742474221,kashef-k8s-w1.frontend-7d9d864798-cld7h,container_memory_working_set_bytes,8626176.0
1742474221,kashef-k8s-w1.memcached-reserve-bdcb467b4-pcdn4,container_memory_working_set_bytes,3923968.0
1742474221,kashef-k8s-w1.mongodb-user-6d96648ddc-btjmd,container_memory_working_set_bytes,160595968.0
1742474227,kashef-k8s-ctl.profile-6c9f4cc75f-lz8fb,container_memory_working_set_bytes,9015296.0
1742474227,kashef-k8s-ctl.mongodb-reservation-7b474745f-w2qhw,container_memory_working_set_bytes,161304576.0
1742474227,kashef-k8s-w1.frontend-7d9d864798-cld7h,container_memory_working_set_bytes,8626176.0
1742474227,kashef-k8s-w1.rate-66d9d98f67-d2d9r,container_memory_working_set_bytes,8310784.0
1742474227,kashef-k8s-w1.memcached-profile-7d6fcb6b8-xh5nc,container_memory_working_set_bytes,5087232.0
1742474227,kashef-k8s-ctl.mongodb-profile-6bb85f4df7-gglx2,container_memory_working_set_bytes,160473088.0
1742474227,kashef-k8s-ctl.mongodb-rate-785b799bbc-4hsgj,container_memory_working_set_bytes,161538048.0
1742474227,kashef-k8s-ctl.jaeger-5d885bcf88-xm7gb,container_memory_working_set_bytes,31145984.0
1742474227,kashef-k8s-w1.memcached-reserve-bdcb467b4-pcdn4,container_memory_working_set_bytes,3923968.0
1742474227,kashef-k8s-w1.mongodb-geo-86b59b75f4-w4h2w,container_memory_working_set_bytes,158695424.0
1742474227,kashef-k8s-ctl.recommendation-6494d54897-2wdw9,container_memory_working_set_bytes,7806976.0
1742474227,kashef-k8s-w1.memcached-rate-bcc5c97f8-lvjgp,container_memory_working_set_bytes,5156864.0
1742474227,kashef-k8s-w1.consul-56f5cf4f78-7zbfs,container_memory_working_set_bytes,33964032.0
1742474227,kashef-k8s-w1.reservation-7799998946-nztpr,container_memory_working_set_bytes,8531968.0
1742474227,kashef-k8s-ctl.mongodb-recommendation-59d6b7ccf9-gjdlj,container_memory_working_set_bytes,161292288.0
1742474227,kashef-k8s-ctl.geo-bd9dfdb45-l49z4,container_memory_working_set_bytes,7933952.0
1742474227,kashef-k8s-w1.mongodb-user-6d96648ddc-btjmd,container_memory_working_set_bytes,160595968.0
1742474227,kashef-k8s-w1.user-698454f8c4-kd5hp,container_memory_working_set_bytes,6275072.0
1742474227,kashef-k8s-w1.search-8677798cf5-87cl4,container_memory_working_set_bytes,9269248.0
1742474233,kashef-k8s-w1.memcached-reserve-bdcb467b4-pcdn4,container_memory_working_set_bytes,3923968.0
1742474233,kashef-k8s-w1.frontend-7d9d864798-cld7h,container_memory_working_set_bytes,8626176.0
1742474233,kashef-k8s-w1.search-8677798cf5-87cl4,container_memory_working_set_bytes,9269248.0
1742474233,kashef-k8s-ctl.jaeger-5d885bcf88-xm7gb,container_memory_working_set_bytes,31145984.0
1742474233,kashef-k8s-w1.mongodb-geo-86b59b75f4-w4h2w,container_memory_working_set_bytes,158695424.0
1742474233,kashef-k8s-w1.consul-56f5cf4f78-7zbfs,container_memory_working_set_bytes,33964032.0
1742474233,kashef-k8s-ctl.mongodb-rate-785b799bbc-4hsgj,container_memory_working_set_bytes,161538048.0
1742474233,kashef-k8s-ctl.mongodb-profile-6bb85f4df7-gglx2,container_memory_working_set_bytes,160342016.0
1742474233,kashef-k8s-w1.memcached-rate-bcc5c97f8-lvjgp,container_memory_working_set_bytes,5156864.0
1742474233,kashef-k8s-w1.reservation-7799998946-nztpr,container_memory_working_set_bytes,8531968.0
1742474233,kashef-k8s-ctl.profile-6c9f4cc75f-lz8fb,container_memory_working_set_bytes,9015296.0
1742474233,kashef-k8s-w1.rate-66d9d98f67-d2d9r,container_memory_working_set_bytes,8310784.0
1742474233,kashef-k8s-ctl.mongodb-recommendation-59d6b7ccf9-gjdlj,container_memory_working_set_bytes,161296384.0
1742474233,kashef-k8s-ctl.mongodb-reservation-7b474745f-w2qhw,container_memory_working_set_bytes,161304576.0
1742474233,kashef-k8s-ctl.geo-bd9dfdb45-l49z4,container_memory_working_set_bytes,7933952.0
1742474233,kashef-k8s-w1.memcached-profile-7d6fcb6b8-xh5nc,container_memory_working_set_bytes,5087232.0
1742474233,kashef-k8s-ctl.recommendation-6494d54897-2wdw9,container_memory_working_set_bytes,7806976.0
1742474233,kashef-k8s-w1.mongodb-user-6d96648ddc-btjmd,container_memory_working_set_bytes,160595968.0
1742474233,kashef-k8s-w1.user-698454f8c4-kd5hp,container_memory_working_set_bytes,6275072.0
1742474239,kashef-k8s-w1.user-698454f8c4-kd5hp,container_memory_working_set_bytes,6275072.0
1742474239,kashef-k8s-ctl.geo-bd9dfdb45-l49z4,container_memory_working_set_bytes,7991296.0
1742474239,kashef-k8s-ctl.recommendation-6494d54897-2wdw9,container_memory_working_set_bytes,7806976.0
1742474239,kashef-k8s-ctl.mongodb-reservation-7b474745f-w2qhw,container_memory_working_set_bytes,161304576.0
1742474239,kashef-k8s-w1.memcached-rate-bcc5c97f8-lvjgp,container_memory_working_set_bytes,5156864.0
1742474239,kashef-k8s-ctl.profile-6c9f4cc75f-lz8fb,container_memory_working_set_bytes,9015296.0
1742474239,kashef-k8s-w1.memcached-profile-7d6fcb6b8-xh5nc,container_memory_working_set_bytes,5087232.0
1742474239,kashef-k8s-w1.reservation-7799998946-nztpr,container_memory_working_set_bytes,8531968.0
1742474239,kashef-k8s-ctl.jaeger-5d885bcf88-xm7gb,container_memory_working_set_bytes,35627008.0
1742474239,kashef-k8s-w1.mongodb-geo-86b59b75f4-w4h2w,container_memory_working_set_bytes,158695424.0
1742474239,kashef-k8s-w1.search-8677798cf5-87cl4,container_memory_working_set_bytes,9269248.0
1742474239,kashef-k8s-w1.rate-66d9d98f67-d2d9r,container_memory_working_set_bytes,8310784.0
1742474239,kashef-k8s-w1.memcached-reserve-bdcb467b4-pcdn4,container_memory_working_set_bytes,3923968.0
1742474239,kashef-k8s-ctl.mongodb-profile-6bb85f4df7-gglx2,container_memory_working_set_bytes,160342016.0
1742474239,kashef-k8s-w1.consul-56f5cf4f78-7zbfs,container_memory_working_set_bytes,33964032.0
1742474239,kashef-k8s-ctl.mongodb-rate-785b799bbc-4hsgj,container_memory_working_set_bytes,161538048.0
1742474239,kashef-k8s-w1.frontend-7d9d864798-cld7h,container_memory_working_set_bytes,8626176.0
1742474239,kashef-k8s-w1.mongodb-user-6d96648ddc-btjmd,container_memory_working_set_bytes,160595968.0
1742474239,kashef-k8s-ctl.mongodb-recommendation-59d6b7ccf9-gjdlj,container_memory_working_set_bytes,161296384.0
1742474245,kashef-k8s-w1.memcached-rate-bcc5c97f8-lvjgp,container_memory_working_set_bytes,5156864.0
1742474245,kashef-k8s-w1.mongodb-user-6d96648ddc-btjmd,container_memory_working_set_bytes,160595968.0
1742474245,kashef-k8s-ctl.profile-6c9f4cc75f-lz8fb,container_memory_working_set_bytes,8916992.0
1742474245,kashef-k8s-w1.reservation-7799998946-nztpr,container_memory_working_set_bytes,8531968.0
1742474245,kashef-k8s-w1.search-8677798cf5-87cl4,container_memory_working_set_bytes,9269248.0
1742474245,kashef-k8s-ctl.mongodb-profile-6bb85f4df7-gglx2,container_memory_working_set_bytes,160342016.0
1742474245,kashef-k8s-w1.consul-56f5cf4f78-7zbfs,container_memory_working_set_bytes,34234368.0
1742474245,kashef-k8s-ctl.mongodb-reservation-7b474745f-w2qhw,container_memory_working_set_bytes,161304576.0
1742474245,kashef-k8s-ctl.mongodb-rate-785b799bbc-4hsgj,container_memory_working_set_bytes,161677312.0
1742474245,kashef-k8s-w1.mongodb-geo-86b59b75f4-w4h2w,container_memory_working_set_bytes,158433280.0
1742474245,kashef-k8s-w1.user-698454f8c4-kd5hp,container_memory_working_set_bytes,6275072.0
1742474245,kashef-k8s-ctl.geo-bd9dfdb45-l49z4,container_memory_working_set_bytes,7991296.0
1742474245,kashef-k8s-w1.memcached-profile-7d6fcb6b8-xh5nc,container_memory_working_set_bytes,5087232.0
1742474245,kashef-k8s-ctl.recommendation-6494d54897-2wdw9,container_memory_working_set_bytes,7471104.0
1742474245,kashef-k8s-w1.rate-66d9d98f67-d2d9r,container_memory_working_set_bytes,8310784.0
1742474245,kashef-k8s-ctl.jaeger-5d885bcf88-xm7gb,container_memory_working_set_bytes,35627008.0
1742474245,kashef-k8s-w1.frontend-7d9d864798-cld7h,container_memory_working_set_bytes,8626176.0
1742474245,kashef-k8s-w1.memcached-reserve-bdcb467b4-pcdn4,container_memory_working_set_bytes,3923968.0
1742474245,kashef-k8s-ctl.mongodb-recommendation-59d6b7ccf9-gjdlj,container_memory_working_set_bytes,161296384.0
1742474251,kashef-k8s-w1.memcached-profile-7d6fcb6b8-xh5nc,container_memory_working_set_bytes,5087232.0
1742474251,kashef-k8s-w1.frontend-7d9d864798-cld7h,container_memory_working_set_bytes,8617984.0
1742474251,kashef-k8s-ctl.mongodb-reservation-7b474745f-w2qhw,container_memory_working_set_bytes,161304576.0
1742474251,kashef-k8s-w1.mongodb-user-6d96648ddc-btjmd,container_memory_working_set_bytes,160595968.0
1742474251,kashef-k8s-w1.consul-56f5cf4f78-7zbfs,container_memory_working_set_bytes,34234368.0
1742474251,kashef-k8s-w1.reservation-7799998946-nztpr,container_memory_working_set_bytes,8540160.0
1742474251,kashef-k8s-ctl.geo-bd9dfdb45-l49z4,container_memory_working_set_bytes,7991296.0
1742474251,kashef-k8s-ctl.mongodb-rate-785b799bbc-4hsgj,container_memory_working_set_bytes,161677312.0
1742474251,kashef-k8s-ctl.jaeger-5d885bcf88-xm7gb,container_memory_working_set_bytes,35627008.0
1742474251,kashef-k8s-w1.mongodb-geo-86b59b75f4-w4h2w,container_memory_working_set_bytes,158433280.0
1742474251,kashef-k8s-ctl.mongodb-recommendation-59d6b7ccf9-gjdlj,container_memory_working_set_bytes,161296384.0
1742474251,kashef-k8s-ctl.mongodb-profile-6bb85f4df7-gglx2,container_memory_working_set_bytes,160342016.0
1742474251,kashef-k8s-w1.user-698454f8c4-kd5hp,container_memory_working_set_bytes,6365184.0
1742474251,kashef-k8s-w1.memcached-reserve-bdcb467b4-pcdn4,container_memory_working_set_bytes,3923968.0
1742474251,kashef-k8s-w1.rate-66d9d98f67-d2d9r,container_memory_working_set_bytes,8368128.0
1742474251,kashef-k8s-w1.memcached-rate-bcc5c97f8-lvjgp,container_memory_working_set_bytes,5156864.0
1742474251,kashef-k8s-w1.search-8677798cf5-87cl4,container_memory_working_set_bytes,9269248.0
1742474251,kashef-k8s-ctl.recommendation-6494d54897-2wdw9,container_memory_working_set_bytes,7471104.0
1742474251,kashef-k8s-ctl.profile-6c9f4cc75f-lz8fb,container_memory_working_set_bytes,8916992.0
1742474257,kashef-k8s-ctl.geo-bd9dfdb45-l49z4,container_memory_working_set_bytes,7991296.0
1742474257,kashef-k8s-w1.consul-56f5cf4f78-7zbfs,container_memory_working_set_bytes,34234368.0
1742474257,kashef-k8s-w1.memcached-profile-7d6fcb6b8-xh5nc,container_memory_working_set_bytes,5087232.0
1742474257,kashef-k8s-ctl.mongodb-rate-785b799bbc-4hsgj,container_memory_working_set_bytes,161677312.0
1742474257,kashef-k8s-w1.rate-66d9d98f67-d2d9r,container_memory_working_set_bytes,8368128.0
1742474257,kashef-k8s-ctl.jaeger-5d885bcf88-xm7gb,container_memory_working_set_bytes,35627008.0
1742474257,kashef-k8s-w1.user-698454f8c4-kd5hp,container_memory_working_set_bytes,6365184.0
1742474257,kashef-k8s-w1.reservation-7799998946-nztpr,container_memory_working_set_bytes,8540160.0
1742474257,kashef-k8s-w1.mongodb-geo-86b59b75f4-w4h2w,container_memory_working_set_bytes,158433280.0
1742474257,kashef-k8s-w1.frontend-7d9d864798-cld7h,container_memory_working_set_bytes,8617984.0
1742474257,kashef-k8s-w1.search-8677798cf5-87cl4,container_memory_working_set_bytes,9269248.0
1742474257,kashef-k8s-w1.mongodb-user-6d96648ddc-btjmd,container_memory_working_set_bytes,160595968.0
1742474257,kashef-k8s-ctl.mongodb-reservation-7b474745f-w2qhw,container_memory_working_set_bytes,161452032.0
1742474257,kashef-k8s-w1.memcached-rate-bcc5c97f8-lvjgp,container_memory_working_set_bytes,5156864.0
1742474257,kashef-k8s-w1.memcached-reserve-bdcb467b4-pcdn4,container_memory_working_set_bytes,3923968.0
1742474257,kashef-k8s-ctl.mongodb-recommendation-59d6b7ccf9-gjdlj,container_memory_working_set_bytes,161296384.0
1742474257,kashef-k8s-ctl.mongodb-profile-6bb85f4df7-gglx2,container_memory_working_set_bytes,160342016.0
1742474257,kashef-k8s-ctl.profile-6c9f4cc75f-lz8fb,container_memory_working_set_bytes,8916992.0
1742474257,kashef-k8s-ctl.recommendation-6494d54897-2wdw9,container_memory_working_set_bytes,7471104.0
1742474263,kashef-k8s-ctl.recommendation-6494d54897-2wdw9,container_memory_working_set_bytes,7471104.0
1742474263,kashef-k8s-w1.reservation-7799998946-nztpr,container_memory_working_set_bytes,8540160.0
1742474263,kashef-k8s-w1.search-8677798cf5-87cl4,container_memory_working_set_bytes,9269248.0
1742474263,kashef-k8s-w1.memcached-profile-7d6fcb6b8-xh5nc,container_memory_working_set_bytes,5087232.0
1742474263,kashef-k8s-w1.memcached-reserve-bdcb467b4-pcdn4,container_memory_working_set_bytes,3923968.0
1742474263,kashef-k8s-w1.mongodb-geo-86b59b75f4-w4h2w,container_memory_working_set_bytes,158433280.0
1742474263,kashef-k8s-ctl.mongodb-profile-6bb85f4df7-gglx2,container_memory_working_set_bytes,160342016.0
1742474263,kashef-k8s-ctl.profile-6c9f4cc75f-lz8fb,container_memory_working_set_bytes,8957952.0
1742474263,kashef-k8s-ctl.geo-bd9dfdb45-l49z4,container_memory_working_set_bytes,7991296.0
1742474263,kashef-k8s-w1.mongodb-user-6d96648ddc-btjmd,container_memory_working_set_bytes,160595968.0
1742474263,kashef-k8s-ctl.mongodb-recommendation-59d6b7ccf9-gjdlj,container_memory_working_set_bytes,161312768.0
1742474263,kashef-k8s-ctl.mongodb-reservation-7b474745f-w2qhw,container_memory_working_set_bytes,161452032.0
1742474263,kashef-k8s-ctl.jaeger-5d885bcf88-xm7gb,container_memory_working_set_bytes,35627008.0
1742474263,kashef-k8s-w1.rate-66d9d98f67-d2d9r,container_memory_working_set_bytes,8368128.0
1742474263,kashef-k8s-w1.user-698454f8c4-kd5hp,container_memory_working_set_bytes,6365184.0
1742474263,kashef-k8s-ctl.mongodb-rate-785b799bbc-4hsgj,container_memory_working_set_bytes,161677312.0
1742474263,kashef-k8s-w1.consul-56f5cf4f78-7zbfs,container_memory_working_set_bytes,34234368.0
1742474263,kashef-k8s-w1.memcached-rate-bcc5c97f8-lvjgp,container_memory_working_set_bytes,5156864.0
1742474263,kashef-k8s-w1.frontend-7d9d864798-cld7h,container_memory_working_set_bytes,8617984.0
1742474269,kashef-k8s-w1.mongodb-geo-86b59b75f4-w4h2w,container_memory_working_set_bytes,158433280.0
1742474269,kashef-k8s-w1.reservation-7799998946-nztpr,container_memory_working_set_bytes,8540160.0
1742474269,kashef-k8s-w1.memcached-reserve-bdcb467b4-pcdn4,container_memory_working_set_bytes,3923968.0
1742474269,kashef-k8s-ctl.jaeger-5d885bcf88-xm7gb,container_memory_working_set_bytes,35627008.0
1742474269,kashef-k8s-ctl.mongodb-profile-6bb85f4df7-gglx2,container_memory_working_set_bytes,160354304.0
1742474269,kashef-k8s-ctl.mongodb-rate-785b799bbc-4hsgj,container_memory_working_set_bytes,161677312.0
1742474269,kashef-k8s-w1.consul-56f5cf4f78-7zbfs,container_memory_working_set_bytes,34234368.0
1742474269,kashef-k8s-w1.rate-66d9d98f67-d2d9r,container_memory_working_set_bytes,8417280.0
1742474269,kashef-k8s-w1.user-698454f8c4-kd5hp,container_memory_working_set_bytes,6365184.0
1742474269,kashef-k8s-w1.mongodb-user-6d96648ddc-btjmd,container_memory_working_set_bytes,160595968.0
1742474269,kashef-k8s-w1.search-8677798cf5-87cl4,container_memory_working_set_bytes,9269248.0
1742474269,kashef-k8s-w1.memcached-profile-7d6fcb6b8-xh5nc,container_memory_working_set_bytes,5087232.0
1742474269,kashef-k8s-ctl.recommendation-6494d54897-2wdw9,container_memory_working_set_bytes,7471104.0
1742474269,kashef-k8s-ctl.profile-6c9f4cc75f-lz8fb,container_memory_working_set_bytes,8957952.0
1742474269,kashef-k8s-ctl.mongodb-reservation-7b474745f-w2qhw,container_memory_working_set_bytes,161452032.0
1742474269,kashef-k8s-ctl.geo-bd9dfdb45-l49z4,container_memory_working_set_bytes,8015872.0
1742474269,kashef-k8s-ctl.mongodb-recommendation-59d6b7ccf9-gjdlj,container_memory_working_set_bytes,161312768.0
1742474269,kashef-k8s-w1.frontend-7d9d864798-cld7h,container_memory_working_set_bytes,8617984.0
1742474269,kashef-k8s-w1.memcached-rate-bcc5c97f8-lvjgp,container_memory_working_set_bytes,5156864.0
1742474275,kashef-k8s-w1.memcached-rate-bcc5c97f8-lvjgp,container_memory_working_set_bytes,5156864.0
1742474275,kashef-k8s-w1.memcached-profile-7d6fcb6b8-xh5nc,container_memory_working_set_bytes,5087232.0
1742474275,kashef-k8s-w1.reservation-7799998946-nztpr,container_memory_working_set_bytes,8540160.0
1742474275,kashef-k8s-w1.frontend-7d9d864798-cld7h,container_memory_working_set_bytes,8617984.0
1742474275,kashef-k8s-ctl.mongodb-recommendation-59d6b7ccf9-gjdlj,container_memory_working_set_bytes,161312768.0
1742474275,kashef-k8s-ctl.recommendation-6494d54897-2wdw9,container_memory_working_set_bytes,7520256.0
1742474275,kashef-k8s-w1.search-8677798cf5-87cl4,container_memory_working_set_bytes,9269248.0
1742474275,kashef-k8s-ctl.mongodb-reservation-7b474745f-w2qhw,container_memory_working_set_bytes,161452032.0
1742474275,kashef-k8s-w1.rate-66d9d98f67-d2d9r,container_memory_working_set_bytes,8417280.0
1742474275,kashef-k8s-w1.consul-56f5cf4f78-7zbfs,container_memory_working_set_bytes,34234368.0
1742474275,kashef-k8s-ctl.profile-6c9f4cc75f-lz8fb,container_memory_working_set_bytes,8957952.0
1742474275,kashef-k8s-ctl.mongodb-profile-6bb85f4df7-gglx2,container_memory_working_set_bytes,160354304.0
1742474275,kashef-k8s-ctl.geo-bd9dfdb45-l49z4,container_memory_working_set_bytes,8015872.0
1742474275,kashef-k8s-ctl.jaeger-5d885bcf88-xm7gb,container_memory_working_set_bytes,35627008.0
1742474275,kashef-k8s-w1.user-698454f8c4-kd5hp,container_memory_working_set_bytes,6365184.0
1742474275,kashef-k8s-w1.mongodb-user-6d96648ddc-btjmd,container_memory_working_set_bytes,160595968.0
1742474275,kashef-k8s-ctl.mongodb-rate-785b799bbc-4hsgj,container_memory_working_set_bytes,161677312.0
1742474275,kashef-k8s-w1.mongodb-geo-86b59b75f4-w4h2w,container_memory_working_set_bytes,158441472.0
1742474275,kashef-k8s-w1.memcached-reserve-bdcb467b4-pcdn4,container_memory_working_set_bytes,3923968.0
1742474281,kashef-k8s-ctl.mongodb-recommendation-59d6b7ccf9-gjdlj,container_memory_working_set_bytes,161312768.0
1742474281,kashef-k8s-w1.frontend-7d9d864798-cld7h,container_memory_working_set_bytes,8617984.0
1742474281,kashef-k8s-w1.user-698454f8c4-kd5hp,container_memory_working_set_bytes,6365184.0
1742474281,kashef-k8s-ctl.geo-bd9dfdb45-l49z4,container_memory_working_set_bytes,8015872.0
1742474281,kashef-k8s-ctl.mongodb-profile-6bb85f4df7-gglx2,container_memory_working_set_bytes,160354304.0
1742474281,kashef-k8s-w1.rate-66d9d98f67-d2d9r,container_memory_working_set_bytes,8417280.0
1742474281,kashef-k8s-w1.reservation-7799998946-nztpr,container_memory_working_set_bytes,8540160.0
1742474281,kashef-k8s-ctl.mongodb-reservation-7b474745f-w2qhw,container_memory_working_set_bytes,161452032.0
1742474281,kashef-k8s-w1.consul-56f5cf4f78-7zbfs,container_memory_working_set_bytes,34234368.0
1742474281,kashef-k8s-w1.memcached-rate-bcc5c97f8-lvjgp,container_memory_working_set_bytes,5156864.0
1742474281,kashef-k8s-ctl.recommendation-6494d54897-2wdw9,container_memory_working_set_bytes,7520256.0
1742474281,kashef-k8s-ctl.profile-6c9f4cc75f-lz8fb,container_memory_working_set_bytes,8957952.0
1742474281,kashef-k8s-w1.memcached-profile-7d6fcb6b8-xh5nc,container_memory_working_set_bytes,5087232.0
1742474281,kashef-k8s-w1.search-8677798cf5-87cl4,container_memory_working_set_bytes,9269248.0
1742474281,kashef-k8s-ctl.mongodb-rate-785b799bbc-4hsgj,container_memory_working_set_bytes,161677312.0
1742474281,kashef-k8s-ctl.jaeger-5d885bcf88-xm7gb,container_memory_working_set_bytes,35627008.0
1742474281,kashef-k8s-w1.mongodb-geo-86b59b75f4-w4h2w,container_memory_working_set_bytes,158441472.0
1742474281,kashef-k8s-w1.memcached-reserve-bdcb467b4-pcdn4,container_memory_working_set_bytes,3923968.0
1742474281,kashef-k8s-w1.mongodb-user-6d96648ddc-btjmd,container_memory_working_set_bytes,160481280.0
1742474287,kashef-k8s-w1.mongodb-user-6d96648ddc-btjmd,container_memory_working_set_bytes,160481280.0
1742474287,kashef-k8s-ctl.mongodb-reservation-7b474745f-w2qhw,container_memory_working_set_bytes,161452032.0
1742474287,kashef-k8s-w1.memcached-profile-7d6fcb6b8-xh5nc,container_memory_working_set_bytes,5087232.0
1742474287,kashef-k8s-ctl.profile-6c9f4cc75f-lz8fb,container_memory_working_set_bytes,8957952.0
1742474287,kashef-k8s-w1.memcached-rate-bcc5c97f8-lvjgp,container_memory_working_set_bytes,5156864.0
1742474287,kashef-k8s-w1.consul-56f5cf4f78-7zbfs,container_memory_working_set_bytes,34648064.0
1742474287,kashef-k8s-w1.frontend-7d9d864798-cld7h,container_memory_working_set_bytes,8617984.0
1742474287,kashef-k8s-ctl.mongodb-recommendation-59d6b7ccf9-gjdlj,container_memory_working_set_bytes,161312768.0
1742474287,kashef-k8s-w1.search-8677798cf5-87cl4,container_memory_working_set_bytes,9269248.0
1742474287,kashef-k8s-ctl.recommendation-6494d54897-2wdw9,container_memory_working_set_bytes,7520256.0
1742474287,kashef-k8s-w1.reservation-7799998946-nztpr,container_memory_working_set_bytes,8548352.0
1742474287,kashef-k8s-ctl.mongodb-profile-6bb85f4df7-gglx2,container_memory_working_set_bytes,160354304.0
1742474287,kashef-k8s-ctl.jaeger-5d885bcf88-xm7gb,container_memory_working_set_bytes,35627008.0
1742474287,kashef-k8s-w1.user-698454f8c4-kd5hp,container_memory_working_set_bytes,6381568.0
1742474287,kashef-k8s-w1.rate-66d9d98f67-d2d9r,container_memory_working_set_bytes,8417280.0
1742474287,kashef-k8s-ctl.geo-bd9dfdb45-l49z4,container_memory_working_set_bytes,8015872.0
1742474287,kashef-k8s-ctl.mongodb-rate-785b799bbc-4hsgj,container_memory_working_set_bytes,161677312.0
1742474287,kashef-k8s-w1.memcached-reserve-bdcb467b4-pcdn4,container_memory_working_set_bytes,3923968.0
1742474287,kashef-k8s-w1.mongodb-geo-86b59b75f4-w4h2w,container_memory_working_set_bytes,158441472.0
1742474293,kashef-k8s-w1.mongodb-user-6d96648ddc-btjmd,container_memory_working_set_bytes,160481280.0
1742474293,kashef-k8s-w1.memcached-rate-bcc5c97f8-lvjgp,container_memory_working_set_bytes,5156864.0
1742474293,kashef-k8s-ctl.profile-6c9f4cc75f-lz8fb,container_memory_working_set_bytes,8949760.0
1742474293,kashef-k8s-ctl.recommendation-6494d54897-2wdw9,container_memory_working_set_bytes,7520256.0
1742474293,kashef-k8s-w1.mongodb-geo-86b59b75f4-w4h2w,container_memory_working_set_bytes,158441472.0
1742474293,kashef-k8s-ctl.mongodb-recommendation-59d6b7ccf9-gjdlj,container_memory_working_set_bytes,161316864.0
1742474293,kashef-k8s-w1.consul-56f5cf4f78-7zbfs,container_memory_working_set_bytes,34648064.0
1742474293,kashef-k8s-ctl.mongodb-reservation-7b474745f-w2qhw,container_memory_working_set_bytes,161452032.0
1742474293,kashef-k8s-w1.memcached-reserve-bdcb467b4-pcdn4,container_memory_working_set_bytes,3923968.0
1742474293,kashef-k8s-ctl.mongodb-rate-785b799bbc-4hsgj,container_memory_working_set_bytes,161677312.0
1742474293,kashef-k8s-w1.reservation-7799998946-nztpr,container_memory_working_set_bytes,8548352.0
1742474293,kashef-k8s-ctl.geo-bd9dfdb45-l49z4,container_memory_working_set_bytes,8015872.0
1742474293,kashef-k8s-w1.user-698454f8c4-kd5hp,container_memory_working_set_bytes,6381568.0
1742474293,kashef-k8s-ctl.jaeger-5d885bcf88-xm7gb,container_memory_working_set_bytes,35627008.0
1742474293,kashef-k8s-w1.rate-66d9d98f67-d2d9r,container_memory_working_set_bytes,8417280.0
1742474293,kashef-k8s-ctl.mongodb-profile-6bb85f4df7-gglx2,container_memory_working_set_bytes,160354304.0
1742474293,kashef-k8s-w1.memcached-profile-7d6fcb6b8-xh5nc,container_memory_working_set_bytes,5087232.0
1742474293,kashef-k8s-w1.search-8677798cf5-87cl4,container_memory_working_set_bytes,9269248.0
1742474293,kashef-k8s-w1.frontend-7d9d864798-cld7h,container_memory_working_set_bytes,8617984.0
1742474299,kashef-k8s-ctl.mongodb-reservation-7b474745f-w2qhw,container_memory_working_set_bytes,161452032.0
1742474299,kashef-k8s-w1.memcached-reserve-bdcb467b4-pcdn4,container_memory_working_set_bytes,3923968.0
1742474299,kashef-k8s-ctl.mongodb-profile-6bb85f4df7-gglx2,container_memory_working_set_bytes,160362496.0
1742474299,kashef-k8s-ctl.jaeger-5d885bcf88-xm7gb,container_memory_working_set_bytes,35627008.0
1742474299,kashef-k8s-ctl.geo-bd9dfdb45-l49z4,container_memory_working_set_bytes,8024064.0
1742474299,kashef-k8s-w1.consul-56f5cf4f78-7zbfs,container_memory_working_set_bytes,34648064.0
1742474299,kashef-k8s-w1.reservation-7799998946-nztpr,container_memory_working_set_bytes,8548352.0
1742474299,kashef-k8s-ctl.mongodb-rate-785b799bbc-4hsgj,container_memory_working_set_bytes,161722368.0
1742474299,kashef-k8s-w1.mongodb-geo-86b59b75f4-w4h2w,container_memory_working_set_bytes,158441472.0
1742474299,kashef-k8s-ctl.recommendation-6494d54897-2wdw9,container_memory_working_set_bytes,7520256.0
1742474299,kashef-k8s-ctl.mongodb-recommendation-59d6b7ccf9-gjdlj,container_memory_working_set_bytes,161316864.0
1742474299,kashef-k8s-ctl.profile-6c9f4cc75f-lz8fb,container_memory_working_set_bytes,8949760.0
1742474299,kashef-k8s-w1.memcached-rate-bcc5c97f8-lvjgp,container_memory_working_set_bytes,5156864.0
1742474299,kashef-k8s-w1.memcached-profile-7d6fcb6b8-xh5nc,container_memory_working_set_bytes,5087232.0
1742474299,kashef-k8s-w1.frontend-7d9d864798-cld7h,container_memory_working_set_bytes,8617984.0
1742474299,kashef-k8s-w1.user-698454f8c4-kd5hp,container_memory_working_set_bytes,6381568.0
1742474299,kashef-k8s-w1.search-8677798cf5-87cl4,container_memory_working_set_bytes,9269248.0
1742474299,kashef-k8s-w1.mongodb-user-6d96648ddc-btjmd,container_memory_working_set_bytes,160481280.0
1742474299,kashef-k8s-w1.rate-66d9d98f67-d2d9r,container_memory_working_set_bytes,8556544.0
1742474305,kashef-k8s-ctl.mongodb-recommendation-59d6b7ccf9-gjdlj,container_memory_working_set_bytes,161316864.0
1742474305,kashef-k8s-w1.reservation-7799998946-nztpr,container_memory_working_set_bytes,8548352.0
1742474305,kashef-k8s-ctl.profile-6c9f4cc75f-lz8fb,container_memory_working_set_bytes,8949760.0
1742474305,kashef-k8s-w1.memcached-rate-bcc5c97f8-lvjgp,container_memory_working_set_bytes,5156864.0
1742474305,kashef-k8s-w1.memcached-profile-7d6fcb6b8-xh5nc,container_memory_working_set_bytes,5087232.0
1742474305,kashef-k8s-w1.memcached-reserve-bdcb467b4-pcdn4,container_memory_working_set_bytes,3923968.0
1742474305,kashef-k8s-ctl.mongodb-reservation-7b474745f-w2qhw,container_memory_working_set_bytes,161452032.0
1742474305,kashef-k8s-ctl.mongodb-rate-785b799bbc-4hsgj,container_memory_working_set_bytes,161722368.0
1742474305,kashef-k8s-w1.mongodb-geo-86b59b75f4-w4h2w,container_memory_working_set_bytes,158441472.0
1742474305,kashef-k8s-ctl.recommendation-6494d54897-2wdw9,container_memory_working_set_bytes,7528448.0
1742474305,kashef-k8s-w1.consul-56f5cf4f78-7zbfs,container_memory_working_set_bytes,34840576.0
1742474305,kashef-k8s-w1.user-698454f8c4-kd5hp,container_memory_working_set_bytes,6381568.0
1742474305,kashef-k8s-ctl.jaeger-5d885bcf88-xm7gb,container_memory_working_set_bytes,35627008.0
1742474305,kashef-k8s-ctl.geo-bd9dfdb45-l49z4,container_memory_working_set_bytes,8024064.0
1742474305,kashef-k8s-w1.rate-66d9d98f67-d2d9r,container_memory_working_set_bytes,8556544.0
1742474305,kashef-k8s-ctl.mongodb-profile-6bb85f4df7-gglx2,container_memory_working_set_bytes,160362496.0
1742474305,kashef-k8s-w1.mongodb-user-6d96648ddc-btjmd,container_memory_working_set_bytes,160604160.0
1742474305,kashef-k8s-w1.frontend-7d9d864798-cld7h,container_memory_working_set_bytes,8617984.0
1742474305,kashef-k8s-w1.search-8677798cf5-87cl4,container_memory_working_set_bytes,9269248.0
1742474311,kashef-k8s-w1.search-8677798cf5-87cl4,container_memory_working_set_bytes,9269248.0
1742474311,kashef-k8s-w1.consul-56f5cf4f78-7zbfs,container_memory_working_set_bytes,34840576.0
1742474311,kashef-k8s-ctl.mongodb-recommendation-59d6b7ccf9-gjdlj,container_memory_working_set_bytes,161316864.0
1742474311,kashef-k8s-w1.mongodb-geo-86b59b75f4-w4h2w,container_memory_working_set_bytes,158576640.0
1742474311,kashef-k8s-ctl.mongodb-reservation-7b474745f-w2qhw,container_memory_working_set_bytes,161452032.0
1742474311,kashef-k8s-w1.rate-66d9d98f67-d2d9r,container_memory_working_set_bytes,8556544.0
1742474311,kashef-k8s-ctl.profile-6c9f4cc75f-lz8fb,container_memory_working_set_bytes,8949760.0
1742474311,kashef-k8s-w1.frontend-7d9d864798-cld7h,container_memory_working_set_bytes,8617984.0
1742474311,kashef-k8s-ctl.mongodb-profile-6bb85f4df7-gglx2,container_memory_working_set_bytes,160362496.0
1742474311,kashef-k8s-w1.memcached-rate-bcc5c97f8-lvjgp,container_memory_working_set_bytes,5156864.0
1742474311,kashef-k8s-w1.mongodb-user-6d96648ddc-btjmd,container_memory_working_set_bytes,160604160.0
1742474311,kashef-k8s-w1.user-698454f8c4-kd5hp,container_memory_working_set_bytes,6381568.0
1742474311,kashef-k8s-ctl.mongodb-rate-785b799bbc-4hsgj,container_memory_working_set_bytes,161722368.0
1742474311,kashef-k8s-w1.memcached-reserve-bdcb467b4-pcdn4,container_memory_working_set_bytes,3923968.0
1742474311,kashef-k8s-w1.reservation-7799998946-nztpr,container_memory_working_set_bytes,8552448.0
1742474311,kashef-k8s-ctl.recommendation-6494d54897-2wdw9,container_memory_working_set_bytes,7528448.0
1742474311,kashef-k8s-ctl.geo-bd9dfdb45-l49z4,container_memory_working_set_bytes,8024064.0
1742474311,kashef-k8s-w1.memcached-profile-7d6fcb6b8-xh5nc,container_memory_working_set_bytes,5087232.0
1742474311,kashef-k8s-ctl.jaeger-5d885bcf88-xm7gb,container_memory_working_set_bytes,35627008.0
1742474317,kashef-k8s-w1.rate-66d9d98f67-d2d9r,container_memory_working_set_bytes,8556544.0
1742474317,kashef-k8s-w1.frontend-7d9d864798-cld7h,container_memory_working_set_bytes,8617984.0
1742474317,kashef-k8s-ctl.mongodb-reservation-7b474745f-w2qhw,container_memory_working_set_bytes,161452032.0
1742474317,kashef-k8s-w1.mongodb-geo-86b59b75f4-w4h2w,container_memory_working_set_bytes,158576640.0
1742474317,kashef-k8s-ctl.profile-6c9f4cc75f-lz8fb,container_memory_working_set_bytes,8949760.0
1742474317,kashef-k8s-w1.search-8677798cf5-87cl4,container_memory_working_set_bytes,9269248.0
1742474317,kashef-k8s-w1.memcached-reserve-bdcb467b4-pcdn4,container_memory_working_set_bytes,3923968.0
1742474317,kashef-k8s-ctl.recommendation-6494d54897-2wdw9,container_memory_working_set_bytes,7528448.0
1742474317,kashef-k8s-w1.reservation-7799998946-nztpr,container_memory_working_set_bytes,8552448.0
1742474317,kashef-k8s-ctl.mongodb-profile-6bb85f4df7-gglx2,container_memory_working_set_bytes,160403456.0
1742474317,kashef-k8s-ctl.mongodb-rate-785b799bbc-4hsgj,container_memory_working_set_bytes,161722368.0
1742474317,kashef-k8s-w1.consul-56f5cf4f78-7zbfs,container_memory_working_set_bytes,34840576.0
1742474317,kashef-k8s-ctl.mongodb-recommendation-59d6b7ccf9-gjdlj,container_memory_working_set_bytes,161316864.0
1742474317,kashef-k8s-w1.memcached-rate-bcc5c97f8-lvjgp,container_memory_working_set_bytes,5156864.0
1742474317,kashef-k8s-w1.mongodb-user-6d96648ddc-btjmd,container_memory_working_set_bytes,160604160.0
1742474317,kashef-k8s-w1.user-698454f8c4-kd5hp,container_memory_working_set_bytes,6434816.0
1742474317,kashef-k8s-ctl.jaeger-5d885bcf88-xm7gb,container_memory_working_set_bytes,35627008.0
1742474317,kashef-k8s-ctl.geo-bd9dfdb45-l49z4,container_memory_working_set_bytes,8024064.0
1742474317,kashef-k8s-w1.memcached-profile-7d6fcb6b8-xh5nc,container_memory_working_set_bytes,5087232.0
1742474323,kashef-k8s-ctl.geo-bd9dfdb45-l49z4,container_memory_working_set_bytes,7753728.0
1742474323,kashef-k8s-w1.memcached-profile-7d6fcb6b8-xh5nc,container_memory_working_set_bytes,5087232.0
1742474323,kashef-k8s-w1.user-698454f8c4-kd5hp,container_memory_working_set_bytes,6434816.0
1742474323,kashef-k8s-w1.frontend-7d9d864798-cld7h,container_memory_working_set_bytes,8617984.0
1742474323,kashef-k8s-w1.mongodb-geo-86b59b75f4-w4h2w,container_memory_working_set_bytes,158576640.0
1742474323,kashef-k8s-w1.memcached-reserve-bdcb467b4-pcdn4,container_memory_working_set_bytes,3923968.0
1742474323,kashef-k8s-w1.reservation-7799998946-nztpr,container_memory_working_set_bytes,8552448.0
1742474323,kashef-k8s-ctl.mongodb-profile-6bb85f4df7-gglx2,container_memory_working_set_bytes,160403456.0
1742474323,kashef-k8s-ctl.profile-6c9f4cc75f-lz8fb,container_memory_working_set_bytes,8335360.0
1742474323,kashef-k8s-ctl.mongodb-recommendation-59d6b7ccf9-gjdlj,container_memory_working_set_bytes,161320960.0
1742474323,kashef-k8s-ctl.mongodb-rate-785b799bbc-4hsgj,container_memory_working_set_bytes,161722368.0
1742474323,kashef-k8s-ctl.mongodb-reservation-7b474745f-w2qhw,container_memory_working_set_bytes,161431552.0
1742474323,kashef-k8s-w1.rate-66d9d98f67-d2d9r,container_memory_working_set_bytes,8556544.0
1742474323,kashef-k8s-w1.memcached-rate-bcc5c97f8-lvjgp,container_memory_working_set_bytes,5156864.0
1742474323,kashef-k8s-w1.mongodb-user-6d96648ddc-btjmd,container_memory_working_set_bytes,160604160.0
1742474323,kashef-k8s-ctl.recommendation-6494d54897-2wdw9,container_memory_working_set_bytes,7528448.0
1742474323,kashef-k8s-w1.consul-56f5cf4f78-7zbfs,container_memory_working_set_bytes,34840576.0
1742474323,kashef-k8s-w1.search-8677798cf5-87cl4,container_memory_working_set_bytes,9269248.0
1742474323,kashef-k8s-ctl.jaeger-5d885bcf88-xm7gb,container_memory_working_set_bytes,35627008.0
1742474329,kashef-k8s-w1.frontend-7d9d864798-cld7h,container_memory_working_set_bytes,8617984.0
1742474329,kashef-k8s-w1.memcached-profile-7d6fcb6b8-xh5nc,container_memory_working_set_bytes,5087232.0
1742474329,kashef-k8s-w1.reservation-7799998946-nztpr,container_memory_working_set_bytes,8552448.0
1742474329,kashef-k8s-w1.mongodb-geo-86b59b75f4-w4h2w,container_memory_working_set_bytes,158576640.0
1742474329,kashef-k8s-w1.memcached-rate-bcc5c97f8-lvjgp,container_memory_working_set_bytes,5156864.0
1742474329,kashef-k8s-ctl.mongodb-recommendation-59d6b7ccf9-gjdlj,container_memory_working_set_bytes,161320960.0
1742474329,kashef-k8s-w1.user-698454f8c4-kd5hp,container_memory_working_set_bytes,6434816.0
1742474329,kashef-k8s-ctl.recommendation-6494d54897-2wdw9,container_memory_working_set_bytes,7528448.0
1742474329,kashef-k8s-ctl.profile-6c9f4cc75f-lz8fb,container_memory_working_set_bytes,8335360.0
1742474329,kashef-k8s-w1.search-8677798cf5-87cl4,container_memory_working_set_bytes,9269248.0
1742474329,kashef-k8s-ctl.geo-bd9dfdb45-l49z4,container_memory_working_set_bytes,7753728.0
1742474329,kashef-k8s-w1.rate-66d9d98f67-d2d9r,container_memory_working_set_bytes,8556544.0
1742474329,kashef-k8s-w1.memcached-reserve-bdcb467b4-pcdn4,container_memory_working_set_bytes,3923968.0
1742474329,kashef-k8s-ctl.mongodb-profile-6bb85f4df7-gglx2,container_memory_working_set_bytes,160403456.0
1742474329,kashef-k8s-ctl.mongodb-reservation-7b474745f-w2qhw,container_memory_working_set_bytes,161431552.0
1742474329,kashef-k8s-ctl.mongodb-rate-785b799bbc-4hsgj,container_memory_working_set_bytes,161828864.0
1742474329,kashef-k8s-ctl.jaeger-5d885bcf88-xm7gb,container_memory_working_set_bytes,35627008.0
1742474329,kashef-k8s-w1.consul-56f5cf4f78-7zbfs,container_memory_working_set_bytes,34840576.0
1742474329,kashef-k8s-w1.mongodb-user-6d96648ddc-btjmd,container_memory_working_set_bytes,160604160.0
1742474335,kashef-k8s-w1.memcached-rate-bcc5c97f8-lvjgp,container_memory_working_set_bytes,5156864.0
1742474335,kashef-k8s-w1.memcached-profile-7d6fcb6b8-xh5nc,container_memory_working_set_bytes,5087232.0
1742474335,kashef-k8s-ctl.mongodb-reservation-7b474745f-w2qhw,container_memory_working_set_bytes,161431552.0
1742474335,kashef-k8s-ctl.geo-bd9dfdb45-l49z4,container_memory_working_set_bytes,7753728.0
1742474335,kashef-k8s-ctl.mongodb-profile-6bb85f4df7-gglx2,container_memory_working_set_bytes,160403456.0
1742474335,kashef-k8s-ctl.mongodb-recommendation-59d6b7ccf9-gjdlj,container_memory_working_set_bytes,161320960.0
1742474335,kashef-k8s-ctl.mongodb-rate-785b799bbc-4hsgj,container_memory_working_set_bytes,161828864.0
1742474335,kashef-k8s-ctl.profile-6c9f4cc75f-lz8fb,container_memory_working_set_bytes,8335360.0
1742474335,kashef-k8s-w1.frontend-7d9d864798-cld7h,container_memory_working_set_bytes,8617984.0
1742474335,kashef-k8s-w1.consul-56f5cf4f78-7zbfs,container_memory_working_set_bytes,34840576.0
1742474335,kashef-k8s-ctl.recommendation-6494d54897-2wdw9,container_memory_working_set_bytes,7548928.0
1742474335,kashef-k8s-w1.mongodb-geo-86b59b75f4-w4h2w,container_memory_working_set_bytes,158576640.0
1742474335,kashef-k8s-ctl.jaeger-5d885bcf88-xm7gb,container_memory_working_set_bytes,35627008.0
1742474335,kashef-k8s-w1.reservation-7799998946-nztpr,container_memory_working_set_bytes,8552448.0
1742474335,kashef-k8s-w1.memcached-reserve-bdcb467b4-pcdn4,container_memory_working_set_bytes,3923968.0
1742474335,kashef-k8s-w1.mongodb-user-6d96648ddc-btjmd,container_memory_working_set_bytes,160604160.0
1742474335,kashef-k8s-w1.user-698454f8c4-kd5hp,container_memory_working_set_bytes,6434816.0
1742474335,kashef-k8s-w1.search-8677798cf5-87cl4,container_memory_working_set_bytes,9269248.0
1742474335,kashef-k8s-w1.rate-66d9d98f67-d2d9r,container_memory_working_set_bytes,8556544.0
